기준년월,지자체,업종,소비금액,전년동기소비금액
201801,서울특별시,카지노,13656409.0,0.0
201801,서울특별시,총소비,220579456.0,0.0
201801,서울특별시,호텔,41775382.0,0.0
201801,서울특별시,콘도,81856.0,0.0
201801,서울특별시,기타숙박,6009689.0,0.0
201801,서울특별시,여행업,443806.0,0.0
201801,서울특별시,항공운송,1532572.0,0.0
201801,서울특별시,렌터카,154338.0,0.0
201801,서울특별시,면세점,30713122.0,0.0
201801,서울특별시,관광기념품,5042679.0,0.0
201801,서울특별시,레저용품쇼핑,3851865.0,0.0
201801,서울특별시,대형쇼핑몰,92472392.0,0.0
201801,서울특별시,관광유원시설,125066.0,0.0
201801,서울특별시,골프장,15635.0,0.0
201801,서울특별시,기타레저,70.0,0.0
201801,서울특별시,문화서비스,408140.0,0.0
201801,서울특별시,식음료,23667790.0,0.0
201801,서울특별시,육상운송,628235.0,0.0
201801,서울특별시,수상운송,408.0,0.0
201801,부산광역시,카지노,7949910.0,0.0
201801,부산광역시,총소비,20497921.0,0.0
201801,부산광역시,콘도,1252.0,0.0
201801,부산광역시,호텔,1824856.0,0.0
201801,부산광역시,기타숙박,591117.0,0.0
201801,부산광역시,여행업,15687.0,0.0
201801,부산광역시,항공운송,1460.0,0.0
201801,부산광역시,렌터카,18372.0,0.0
201801,부산광역시,면세점,2736906.0,0.0
201801,부산광역시,관광기념품,139221.0,0.0
201801,부산광역시,레저용품쇼핑,179250.0,0.0
201801,부산광역시,대형쇼핑몰,5529414.0,0.0
201801,부산광역시,관광유원시설,27776.0,0.0
201801,부산광역시,골프장,9642.0,0.0
201801,부산광역시,기타레저,74.0,0.0
201801,부산광역시,문화서비스,6783.0,0.0
201801,부산광역시,식음료,1459129.0,0.0
201801,부산광역시,수상운송,7071.0,0.0
201801,대구광역시,총소비,1986504.0,0.0
201801,대구광역시,호텔,707198.0,0.0
201801,대구광역시,기타숙박,128073.0,0.0
201801,대구광역시,렌터카,880.0,0.0
201801,대구광역시,관광기념품,1572.0,0.0
201801,대구광역시,레저용품쇼핑,45361.0,0.0
201801,대구광역시,대형쇼핑몰,694899.0,0.0
201801,대구광역시,관광유원시설,2800.0,0.0
201801,대구광역시,골프장,995.0,0.0
201801,대구광역시,기타레저,1018.0,0.0
201801,대구광역시,문화서비스,3248.0,0.0
201801,대구광역시,식음료,400461.0,0.0
201801,인천광역시,총소비,36395462.0,0.0
201801,인천광역시,호텔,9816232.0,0.0
201801,인천광역시,기타숙박,481054.0,0.0
201801,인천광역시,여행업,7652.0,0.0
201801,인천광역시,항공운송,132013.0,0.0
201801,인천광역시,렌터카,191330.0,0.0
201801,인천광역시,면세점,21033012.0,0.0
201801,인천광역시,관광기념품,181360.0,0.0
201801,인천광역시,레저용품쇼핑,36649.0,0.0
201801,인천광역시,대형쇼핑몰,1871895.0,0.0
201801,인천광역시,관광유원시설,50.0,0.0
201801,인천광역시,골프장,14393.0,0.0
201801,인천광역시,기타레저,371.0,0.0
201801,인천광역시,문화서비스,1687.0,0.0
201801,인천광역시,식음료,2627393.0,0.0
201801,인천광역시,육상운송,214.0,0.0
201801,인천광역시,수상운송,157.0,0.0
201801,광주광역시,총소비,916812.0,0.0
201801,광주광역시,호텔,6576.0,0.0
201801,광주광역시,기타숙박,472648.0,0.0
201801,광주광역시,렌터카,459.0,0.0
201801,광주광역시,관광기념품,226.0,0.0
201801,광주광역시,레저용품쇼핑,29645.0,0.0
201801,광주광역시,대형쇼핑몰,256685.0,0.0
201801,광주광역시,관광유원시설,12.0,0.0
201801,광주광역시,골프장,85.0,0.0
201801,광주광역시,문화서비스,439.0,0.0
201801,광주광역시,식음료,150038.0,0.0
201801,대전광역시,총소비,1698675.0,0.0
201801,대전광역시,호텔,314436.0,0.0
201801,대전광역시,기타숙박,57611.0,0.0
201801,대전광역시,면세점,1263.0,0.0
201801,대전광역시,관광기념품,130.0,0.0
201801,대전광역시,레저용품쇼핑,19083.0,0.0
201801,대전광역시,대형쇼핑몰,305372.0,0.0
201801,대전광역시,관광유원시설,55.0,0.0
201801,대전광역시,골프장,13906.0,0.0
201801,대전광역시,문화서비스,1209.0,0.0
201801,대전광역시,식음료,206968.0,0.0
201801,대전광역시,육상운송,778642.0,0.0
201801,울산광역시,총소비,989455.0,0.0
201801,울산광역시,호텔,581089.0,0.0
201801,울산광역시,기타숙박,38532.0,0.0
201801,울산광역시,여행업,735.0,0.0
201801,울산광역시,렌터카,1910.0,0.0
201801,울산광역시,면세점,2766.0,0.0
201801,울산광역시,관광기념품,240.0,0.0
201801,울산광역시,레저용품쇼핑,5851.0,0.0
201801,울산광역시,대형쇼핑몰,186342.0,0.0
201801,울산광역시,골프장,1211.0,0.0
201801,울산광역시,문화서비스,556.0,0.0
201801,울산광역시,식음료,170222.0,0.0
201801,세종특별자치시,총소비,44883.0,0.0
201801,세종특별자치시,기타숙박,8568.0,0.0
201801,세종특별자치시,관광기념품,325.0,0.0
201801,세종특별자치시,레저용품쇼핑,1242.0,0.0
201801,세종특별자치시,대형쇼핑몰,17424.0,0.0
201801,세종특별자치시,식음료,17324.0,0.0
201801,경기도,총소비,22074410.0,0.0
201801,경기도,콘도,17716.0,0.0
201801,경기도,호텔,4003959.0,0.0
201801,경기도,캠핑장/펜션,3727.0,0.0
201801,경기도,기타숙박,4563657.0,0.0
201801,경기도,여행업,68181.0,0.0
201801,경기도,렌터카,59059.0,0.0
201801,경기도,면세점,134.0,0.0
201801,경기도,관광기념품,50328.0,0.0
201801,경기도,레저용품쇼핑,575489.0,0.0
201801,경기도,대형쇼핑몰,6868232.0,0.0
201801,경기도,관광유원시설,16335.0,0.0
201801,경기도,골프장,34001.0,0.0
201801,경기도,기타레저,828.0,0.0
201801,경기도,문화서비스,112587.0,0.0
201801,경기도,식음료,5650270.0,0.0
201801,경기도,육상운송,18096.0,0.0
201801,경기도,수상운송,378.0,0.0
201801,경기도,스키장,31434.0,0.0
201801,강원도,총소비,3056657.0,0.0
201801,강원도,콘도,230791.0,0.0
201801,강원도,호텔,936980.0,0.0
201801,강원도,캠핑장/펜션,11794.0,0.0
201801,강원도,기타숙박,262802.0,0.0
201801,강원도,여행업,3489.0,0.0
201801,강원도,렌터카,8237.0,0.0
201801,강원도,면세점,734.0,0.0
201801,강원도,관광기념품,3177.0,0.0
201801,강원도,레저용품쇼핑,152871.0,0.0
201801,강원도,대형쇼핑몰,570331.0,0.0
201801,강원도,관광유원시설,625.0,0.0
201801,강원도,골프장,26603.0,0.0
201801,강원도,기타레저,55.0,0.0
201801,강원도,문화서비스,25719.0,0.0
201801,강원도,식음료,822449.0,0.0
201801,충청북도,총소비,670781.0,0.0
201801,충청북도,호텔,85858.0,0.0
201801,충청북도,콘도,364.0,0.0
201801,충청북도,기타숙박,272735.0,0.0
201801,충청북도,여행업,3651.0,0.0
201801,충청북도,렌터카,1142.0,0.0
201801,충청북도,면세점,1984.0,0.0
201801,충청북도,관광기념품,178.0,0.0
201801,충청북도,레저용품쇼핑,13741.0,0.0
201801,충청북도,대형쇼핑몰,135660.0,0.0
201801,충청북도,관광유원시설,4.0,0.0
201801,충청북도,골프장,1432.0,0.0
201801,충청북도,문화서비스,287.0,0.0
201801,충청북도,식음료,153716.0,0.0
201801,충청북도,육상운송,29.0,0.0
201801,충청남도,총소비,1231322.0,0.0
201801,충청남도,콘도,3004.0,0.0
201801,충청남도,호텔,457360.0,0.0
201801,충청남도,캠핑장/펜션,2790.0,0.0
201801,충청남도,기타숙박,204736.0,0.0
201801,충청남도,여행업,135.0,0.0
201801,충청남도,항공운송,189.0,0.0
201801,충청남도,렌터카,2341.0,0.0
201801,충청남도,관광기념품,167.0,0.0
201801,충청남도,레저용품쇼핑,18225.0,0.0
201801,충청남도,대형쇼핑몰,244192.0,0.0
201801,충청남도,관광유원시설,209.0,0.0
201801,충청남도,골프장,631.0,0.0
201801,충청남도,기타레저,39.0,0.0
201801,충청남도,문화서비스,375.0,0.0
201801,충청남도,식음료,296915.0,0.0
201801,충청남도,수상운송,14.0,0.0
201801,전라북도,총소비,630834.0,0.0
201801,전라북도,콘도,418.0,0.0
201801,전라북도,호텔,17218.0,0.0
201801,전라북도,캠핑장/펜션,788.0,0.0
201801,전라북도,기타숙박,178632.0,0.0
201801,전라북도,여행업,81.0,0.0
201801,전라북도,렌터카,1218.0,0.0
201801,전라북도,관광기념품,1692.0,0.0
201801,전라북도,레저용품쇼핑,29726.0,0.0
201801,전라북도,대형쇼핑몰,203540.0,0.0
201801,전라북도,관광유원시설,72.0,0.0
201801,전라북도,골프장,802.0,0.0
201801,전라북도,문화서비스,1030.0,0.0
201801,전라북도,식음료,194972.0,0.0
201801,전라북도,육상운송,645.0,0.0
201801,전라남도,총소비,429721.0,0.0
201801,전라남도,호텔,89684.0,0.0
201801,전라남도,콘도,6541.0,0.0
201801,전라남도,캠핑장/펜션,100.0,0.0
201801,전라남도,기타숙박,85169.0,0.0
201801,전라남도,여행업,235.0,0.0
201801,전라남도,렌터카,1545.0,0.0
201801,전라남도,관광기념품,337.0,0.0
201801,전라남도,레저용품쇼핑,1693.0,0.0
201801,전라남도,대형쇼핑몰,115004.0,0.0
201801,전라남도,관광유원시설,2924.0,0.0
201801,전라남도,골프장,2122.0,0.0
201801,전라남도,문화서비스,194.0,0.0
201801,전라남도,식음료,124070.0,0.0
201801,전라남도,수상운송,101.0,0.0
201801,경상북도,총소비,1184495.0,0.0
201801,경상북도,호텔,357659.0,0.0
201801,경상북도,콘도,1944.0,0.0
201801,경상북도,캠핑장/펜션,509.0,0.0
201801,경상북도,기타숙박,221043.0,0.0
201801,경상북도,여행업,120.0,0.0
201801,경상북도,렌터카,7274.0,0.0
201801,경상북도,관광기념품,3446.0,0.0
201801,경상북도,레저용품쇼핑,27708.0,0.0
201801,경상북도,대형쇼핑몰,145066.0,0.0
201801,경상북도,관광유원시설,1300.0,0.0
201801,경상북도,골프장,3468.0,0.0
201801,경상북도,기타레저,16418.0,0.0
201801,경상북도,문화서비스,795.0,0.0
201801,경상북도,식음료,397403.0,0.0
201801,경상북도,육상운송,342.0,0.0
201801,경상남도,총소비,2939692.0,0.0
201801,경상남도,콘도,1222.0,0.0
201801,경상남도,호텔,711795.0,0.0
201801,경상남도,캠핑장/펜션,282.0,0.0
201801,경상남도,기타숙박,438233.0,0.0
201801,경상남도,렌터카,5469.0,0.0
201801,경상남도,관광기념품,2138.0,0.0
201801,경상남도,레저용품쇼핑,25840.0,0.0
201801,경상남도,대형쇼핑몰,784523.0,0.0
201801,경상남도,관광유원시설,2358.0,0.0
201801,경상남도,골프장,22224.0,0.0
201801,경상남도,기타레저,32.0,0.0
201801,경상남도,문화서비스,1786.0,0.0
201801,경상남도,식음료,943783.0,0.0
201801,경상남도,육상운송,9.0,0.0
201801,제주특별자치도,총소비,6852346.0,0.0
201801,제주특별자치도,호텔,318794.0,0.0
201801,제주특별자치도,콘도,1795725.0,0.0
201801,제주특별자치도,캠핑장/펜션,2499.0,0.0
201801,제주특별자치도,기타숙박,342095.0,0.0
201801,제주특별자치도,여행업,610.0,0.0
201801,제주특별자치도,항공운송,11155.0,0.0
201801,제주특별자치도,렌터카,65017.0,0.0
201801,제주특별자치도,면세점,2419778.0,0.0
201801,제주특별자치도,관광기념품,258398.0,0.0
201801,제주특별자치도,레저용품쇼핑,222010.0,0.0
201801,제주특별자치도,대형쇼핑몰,316086.0,0.0
201801,제주특별자치도,관광유원시설,11279.0,0.0
201801,제주특별자치도,골프장,98758.0,0.0
201801,제주특별자치도,문화서비스,33640.0,0.0
201801,제주특별자치도,식음료,952099.0,0.0
201801,제주특별자치도,육상운송,527.0,0.0
201801,제주특별자치도,수상운송,3872.0,0.0
201802,서울특별시,카지노,10820003.0,0.0
201802,서울특별시,총소비,213448367.0,0.0
201802,서울특별시,호텔,41255409.0,0.0
201802,서울특별시,콘도,64501.0,0.0
201802,서울특별시,기타숙박,6145645.0,0.0
201802,서울특별시,여행업,686288.0,0.0
201802,서울특별시,항공운송,1641900.0,0.0
201802,서울특별시,렌터카,226657.0,0.0
201802,서울특별시,면세점,23697584.0,0.0
201802,서울특별시,관광기념품,7011035.0,0.0
201802,서울특별시,레저용품쇼핑,3629919.0,0.0
201802,서울특별시,대형쇼핑몰,92222637.0,0.0
201802,서울특별시,관광유원시설,157648.0,0.0
201802,서울특별시,골프장,17031.0,0.0
201802,서울특별시,문화서비스,370393.0,0.0
201802,서울특별시,식음료,24849902.0,0.0
201802,서울특별시,육상운송,651455.0,0.0
201802,서울특별시,수상운송,361.0,0.0
201802,부산광역시,카지노,6951450.0,0.0
201802,부산광역시,총소비,21919033.0,0.0
201802,부산광역시,호텔,2056964.0,0.0
201802,부산광역시,콘도,1101.0,0.0
201802,부산광역시,캠핑장/펜션,50.0,0.0
201802,부산광역시,기타숙박,615079.0,0.0
201802,부산광역시,여행업,3340.0,0.0
201802,부산광역시,항공운송,4560.0,0.0
201802,부산광역시,렌터카,11095.0,0.0
201802,부산광역시,면세점,3005516.0,0.0
201802,부산광역시,관광기념품,281064.0,0.0
201802,부산광역시,레저용품쇼핑,222432.0,0.0
201802,부산광역시,대형쇼핑몰,7136450.0,0.0
201802,부산광역시,관광유원시설,43294.0,0.0
201802,부산광역시,골프장,13897.0,0.0
201802,부산광역시,기타레저,61.0,0.0
201802,부산광역시,문화서비스,4138.0,0.0
201802,부산광역시,식음료,1559970.0,0.0
201802,부산광역시,육상운송,154.0,0.0
201802,부산광역시,수상운송,8419.0,0.0
201802,대구광역시,총소비,1832509.0,0.0
201802,대구광역시,호텔,599741.0,0.0
201802,대구광역시,기타숙박,105769.0,0.0
201802,대구광역시,여행업,5.0,0.0
201802,대구광역시,렌터카,1663.0,0.0
201802,대구광역시,관광기념품,1034.0,0.0
201802,대구광역시,레저용품쇼핑,71859.0,0.0
201802,대구광역시,대형쇼핑몰,625984.0,0.0
201802,대구광역시,관광유원시설,3435.0,0.0
201802,대구광역시,골프장,481.0,0.0
201802,대구광역시,기타레저,639.0,0.0
201802,대구광역시,문화서비스,6011.0,0.0
201802,대구광역시,식음료,415889.0,0.0
201802,인천광역시,총소비,38545719.0,0.0
201802,인천광역시,호텔,10407808.0,0.0
201802,인천광역시,캠핑장/펜션,330.0,0.0
201802,인천광역시,기타숙박,532235.0,0.0
201802,인천광역시,여행업,14302.0,0.0
201802,인천광역시,항공운송,83603.0,0.0
201802,인천광역시,렌터카,221073.0,0.0
201802,인천광역시,면세점,22504520.0,0.0
201802,인천광역시,관광기념품,148736.0,0.0
201802,인천광역시,레저용품쇼핑,44982.0,0.0
201802,인천광역시,대형쇼핑몰,1670418.0,0.0
201802,인천광역시,관광유원시설,173.0,0.0
201802,인천광역시,골프장,14249.0,0.0
201802,인천광역시,기타레저,138.0,0.0
201802,인천광역시,문화서비스,1519.0,0.0
201802,인천광역시,식음료,2899974.0,0.0
201802,인천광역시,육상운송,1166.0,0.0
201802,인천광역시,수상운송,493.0,0.0
201802,광주광역시,총소비,577128.0,0.0
201802,광주광역시,호텔,4756.0,0.0
201802,광주광역시,기타숙박,188610.0,0.0
201802,광주광역시,관광기념품,293.0,0.0
201802,광주광역시,레저용품쇼핑,23926.0,0.0
201802,광주광역시,대형쇼핑몰,248657.0,0.0
201802,광주광역시,관광유원시설,48.0,0.0
201802,광주광역시,골프장,200.0,0.0
201802,광주광역시,문화서비스,797.0,0.0
201802,광주광역시,식음료,109840.0,0.0
201802,대전광역시,총소비,2598016.0,0.0
201802,대전광역시,호텔,283230.0,0.0
201802,대전광역시,기타숙박,79820.0,0.0
201802,대전광역시,렌터카,580.0,0.0
201802,대전광역시,면세점,537.0,0.0
201802,대전광역시,관광기념품,90.0,0.0
201802,대전광역시,레저용품쇼핑,12269.0,0.0
201802,대전광역시,대형쇼핑몰,353628.0,0.0
201802,대전광역시,관광유원시설,416.0,0.0
201802,대전광역시,골프장,29048.0,0.0
201802,대전광역시,문화서비스,878.0,0.0
201802,대전광역시,식음료,170574.0,0.0
201802,대전광역시,육상운송,1666947.0,0.0
201802,울산광역시,총소비,1410523.0,0.0
201802,울산광역시,호텔,758883.0,0.0
201802,울산광역시,기타숙박,35261.0,0.0
201802,울산광역시,여행업,793.0,0.0
201802,울산광역시,렌터카,1275.0,0.0
201802,울산광역시,면세점,3711.0,0.0
201802,울산광역시,관광기념품,855.0,0.0
201802,울산광역시,레저용품쇼핑,5609.0,0.0
201802,울산광역시,대형쇼핑몰,422016.0,0.0
201802,울산광역시,골프장,1758.0,0.0
201802,울산광역시,문화서비스,784.0,0.0
201802,울산광역시,식음료,179578.0,0.0
201802,세종특별자치시,총소비,56545.0,0.0
201802,세종특별자치시,기타숙박,6261.0,0.0
201802,세종특별자치시,관광기념품,98.0,0.0
201802,세종특별자치시,레저용품쇼핑,60.0,0.0
201802,세종특별자치시,대형쇼핑몰,28849.0,0.0
201802,세종특별자치시,식음료,21277.0,0.0
201802,경기도,총소비,22507340.0,0.0
201802,경기도,콘도,17772.0,0.0
201802,경기도,호텔,3822214.0,0.0
201802,경기도,캠핑장/펜션,2789.0,0.0
201802,경기도,기타숙박,4147087.0,0.0
201802,경기도,여행업,42982.0,0.0
201802,경기도,렌터카,103872.0,0.0
201802,경기도,면세점,1212.0,0.0
201802,경기도,관광기념품,68235.0,0.0
201802,경기도,레저용품쇼핑,1190030.0,0.0
201802,경기도,대형쇼핑몰,7600137.0,0.0
201802,경기도,관광유원시설,21413.0,0.0
201802,경기도,골프장,62251.0,0.0
201802,경기도,기타레저,1065.0,0.0
201802,경기도,문화서비스,141482.0,0.0
201802,경기도,식음료,5216600.0,0.0
201802,경기도,육상운송,15179.0,0.0
201802,경기도,수상운송,879.0,0.0
201802,경기도,스키장,52140.0,0.0
201802,강원도,총소비,12437297.0,0.0
201802,강원도,호텔,1692684.0,0.0
201802,강원도,콘도,846436.0,0.0
201802,강원도,캠핑장/펜션,179401.0,0.0
201802,강원도,기타숙박,2118017.0,0.0
201802,강원도,여행업,15001.0,0.0
201802,강원도,렌터카,60815.0,0.0
201802,강원도,면세점,13462.0,0.0
201802,강원도,관광기념품,43970.0,0.0
201802,강원도,레저용품쇼핑,550062.0,0.0
201802,강원도,대형쇼핑몰,1207698.0,0.0
201802,강원도,관광유원시설,572.0,0.0
201802,강원도,골프장,45665.0,0.0
201802,강원도,기타레저,276.0,0.0
201802,강원도,문화서비스,174951.0,0.0
201802,강원도,식음료,5488190.0,0.0
201802,강원도,육상운송,60.0,0.0
201802,강원도,수상운송,36.0,0.0
201802,충청북도,총소비,792973.0,0.0
201802,충청북도,콘도,120.0,0.0
201802,충청북도,호텔,102589.0,0.0
201802,충청북도,기타숙박,261422.0,0.0
201802,충청북도,여행업,1893.0,0.0
201802,충청북도,렌터카,186.0,0.0
201802,충청북도,면세점,11728.0,0.0
201802,충청북도,관광기념품,644.0,0.0
201802,충청북도,레저용품쇼핑,9268.0,0.0
201802,충청북도,대형쇼핑몰,230499.0,0.0
201802,충청북도,골프장,1238.0,0.0
201802,충청북도,문화서비스,217.0,0.0
201802,충청북도,식음료,173134.0,0.0
201802,충청북도,육상운송,35.0,0.0
201802,충청남도,총소비,1166813.0,0.0
201802,충청남도,호텔,420767.0,0.0
201802,충청남도,콘도,1559.0,0.0
201802,충청남도,캠핑장/펜션,5600.0,0.0
201802,충청남도,기타숙박,194315.0,0.0
201802,충청남도,렌터카,1466.0,0.0
201802,충청남도,관광기념품,520.0,0.0
201802,충청남도,레저용품쇼핑,22976.0,0.0
201802,충청남도,대형쇼핑몰,269635.0,0.0
201802,충청남도,관광유원시설,100.0,0.0
201802,충청남도,골프장,3477.0,0.0
201802,충청남도,기타레저,7.0,0.0
201802,충청남도,문화서비스,840.0,0.0
201802,충청남도,식음료,245552.0,0.0
201802,전라북도,총소비,636708.0,0.0
201802,전라북도,콘도,487.0,0.0
201802,전라북도,호텔,20587.0,0.0
201802,전라북도,캠핑장/펜션,1032.0,0.0
201802,전라북도,기타숙박,138352.0,0.0
201802,전라북도,렌터카,1130.0,0.0
201802,전라북도,관광기념품,1490.0,0.0
201802,전라북도,레저용품쇼핑,29691.0,0.0
201802,전라북도,대형쇼핑몰,244939.0,0.0
201802,전라북도,관광유원시설,260.0,0.0
201802,전라북도,골프장,1709.0,0.0
201802,전라북도,문화서비스,1713.0,0.0
201802,전라북도,식음료,195319.0,0.0
201802,전라남도,총소비,398827.0,0.0
201802,전라남도,호텔,113311.0,0.0
201802,전라남도,콘도,491.0,0.0
201802,전라남도,캠핑장/펜션,2587.0,0.0
201802,전라남도,기타숙박,63888.0,0.0
201802,전라남도,렌터카,70.0,0.0
201802,전라남도,관광기념품,470.0,0.0
201802,전라남도,레저용품쇼핑,10801.0,0.0
201802,전라남도,대형쇼핑몰,78024.0,0.0
201802,전라남도,관광유원시설,2652.0,0.0
201802,전라남도,골프장,9519.0,0.0
201802,전라남도,기타레저,12.0,0.0
201802,전라남도,문화서비스,221.0,0.0
201802,전라남도,식음료,116780.0,0.0
201802,경상북도,총소비,1125833.0,0.0
201802,경상북도,호텔,280898.0,0.0
201802,경상북도,콘도,3166.0,0.0
201802,경상북도,캠핑장/펜션,30.0,0.0
201802,경상북도,기타숙박,175152.0,0.0
201802,경상북도,여행업,310.0,0.0
201802,경상북도,렌터카,9399.0,0.0
201802,경상북도,관광기념품,2331.0,0.0
201802,경상북도,레저용품쇼핑,10685.0,0.0
201802,경상북도,대형쇼핑몰,180935.0,0.0
201802,경상북도,관광유원시설,1222.0,0.0
201802,경상북도,골프장,10376.0,0.0
201802,경상북도,기타레저,31236.0,0.0
201802,경상북도,문화서비스,2458.0,0.0
201802,경상북도,식음료,417258.0,0.0
201802,경상북도,육상운송,328.0,0.0
201802,경상북도,수상운송,48.0,0.0
201802,경상남도,총소비,2735055.0,0.0
201802,경상남도,호텔,742622.0,0.0
201802,경상남도,콘도,3923.0,0.0
201802,경상남도,캠핑장/펜션,677.0,0.0
201802,경상남도,기타숙박,356465.0,0.0
201802,경상남도,렌터카,18627.0,0.0
201802,경상남도,관광기념품,1542.0,0.0
201802,경상남도,레저용품쇼핑,55803.0,0.0
201802,경상남도,대형쇼핑몰,728152.0,0.0
201802,경상남도,관광유원시설,2509.0,0.0
201802,경상남도,골프장,35989.0,0.0
201802,경상남도,기타레저,78.0,0.0
201802,경상남도,문화서비스,2006.0,0.0
201802,경상남도,식음료,786661.0,0.0
201802,제주특별자치도,총소비,7263305.0,0.0
201802,제주특별자치도,호텔,750823.0,0.0
201802,제주특별자치도,콘도,723732.0,0.0
201802,제주특별자치도,캠핑장/펜션,20676.0,0.0
201802,제주특별자치도,기타숙박,639473.0,0.0
201802,제주특별자치도,여행업,802.0,0.0
201802,제주특별자치도,항공운송,8335.0,0.0
201802,제주특별자치도,렌터카,84156.0,0.0
201802,제주특별자치도,면세점,2314643.0,0.0
201802,제주특별자치도,관광기념품,346505.0,0.0
201802,제주특별자치도,레저용품쇼핑,265271.0,0.0
201802,제주특별자치도,대형쇼핑몰,416904.0,0.0
201802,제주특별자치도,관광유원시설,34222.0,0.0
201802,제주특별자치도,골프장,103227.0,0.0
201802,제주특별자치도,문화서비스,57805.0,0.0
201802,제주특별자치도,식음료,1481329.0,0.0
201802,제주특별자치도,육상운송,2042.0,0.0
201802,제주특별자치도,수상운송,13360.0,0.0
201803,서울특별시,카지노,15394051.0,0.0
201803,서울특별시,총소비,245123067.0,0.0
201803,서울특별시,호텔,56169296.0,0.0
201803,서울특별시,콘도,43803.0,0.0
201803,서울특별시,기타숙박,8499399.0,0.0
201803,서울특별시,여행업,733131.0,0.0
201803,서울특별시,항공운송,1935801.0,0.0
201803,서울특별시,렌터카,125419.0,0.0
201803,서울특별시,면세점,35972483.0,0.0
201803,서울특별시,관광기념품,5230796.0,0.0
201803,서울특별시,레저용품쇼핑,5112042.0,0.0
201803,서울특별시,대형쇼핑몰,84168263.0,0.0
201803,서울특별시,관광유원시설,148286.0,0.0
201803,서울특별시,골프장,27889.0,0.0
201803,서울특별시,기타레저,80.0,0.0
201803,서울특별시,문화서비스,423209.0,0.0
201803,서울특별시,식음료,30327688.0,0.0
201803,서울특별시,육상운송,811147.0,0.0
201803,서울특별시,수상운송,284.0,0.0
201803,부산광역시,카지노,8395774.0,0.0
201803,부산광역시,총소비,26550901.0,0.0
201803,부산광역시,콘도,2636.0,0.0
201803,부산광역시,호텔,2633547.0,0.0
201803,부산광역시,기타숙박,931522.0,0.0
201803,부산광역시,여행업,5034.0,0.0
201803,부산광역시,항공운송,4484.0,0.0
201803,부산광역시,렌터카,13635.0,0.0
201803,부산광역시,면세점,3899634.0,0.0
201803,부산광역시,관광기념품,236555.0,0.0
201803,부산광역시,레저용품쇼핑,239515.0,0.0
201803,부산광역시,대형쇼핑몰,7878906.0,0.0
201803,부산광역시,관광유원시설,48998.0,0.0
201803,부산광역시,골프장,19624.0,0.0
201803,부산광역시,기타레저,38.0,0.0
201803,부산광역시,문화서비스,4328.0,0.0
201803,부산광역시,식음료,2227643.0,0.0
201803,부산광역시,수상운송,9028.0,0.0
201803,대구광역시,총소비,2837005.0,0.0
201803,대구광역시,호텔,1192807.0,0.0
201803,대구광역시,기타숙박,174371.0,0.0
201803,대구광역시,여행업,808.0,0.0
201803,대구광역시,렌터카,2920.0,0.0
201803,대구광역시,관광기념품,1181.0,0.0
201803,대구광역시,레저용품쇼핑,92556.0,0.0
201803,대구광역시,대형쇼핑몰,718229.0,0.0
201803,대구광역시,관광유원시설,5660.0,0.0
201803,대구광역시,골프장,648.0,0.0
201803,대구광역시,기타레저,58.0,0.0
201803,대구광역시,문화서비스,2826.0,0.0
201803,대구광역시,식음료,644941.0,0.0
201803,인천광역시,총소비,42227997.0,0.0
201803,인천광역시,호텔,13582224.0,0.0
201803,인천광역시,기타숙박,779927.0,0.0
201803,인천광역시,여행업,4078.0,0.0
201803,인천광역시,항공운송,33205.0,0.0
201803,인천광역시,렌터카,245887.0,0.0
201803,인천광역시,면세점,22781842.0,0.0
201803,인천광역시,관광기념품,111581.0,0.0
201803,인천광역시,레저용품쇼핑,49770.0,0.0
201803,인천광역시,대형쇼핑몰,1715980.0,0.0
201803,인천광역시,관광유원시설,111.0,0.0
201803,인천광역시,골프장,43184.0,0.0
201803,인천광역시,문화서비스,1301.0,0.0
201803,인천광역시,식음료,2878825.0,0.0
201803,인천광역시,수상운송,84.0,0.0
201803,광주광역시,총소비,951226.0,0.0
201803,광주광역시,호텔,7024.0,0.0
201803,광주광역시,기타숙박,347774.0,0.0
201803,광주광역시,렌터카,940.0,0.0
201803,광주광역시,관광기념품,146.0,0.0
201803,광주광역시,레저용품쇼핑,31926.0,0.0
201803,광주광역시,대형쇼핑몰,386347.0,0.0
201803,광주광역시,관광유원시설,64.0,0.0
201803,광주광역시,골프장,250.0,0.0
201803,광주광역시,기타레저,60.0,0.0
201803,광주광역시,문화서비스,590.0,0.0
201803,광주광역시,식음료,176077.0,0.0
201803,광주광역시,육상운송,28.0,0.0
201803,대전광역시,총소비,2138818.0,0.0
201803,대전광역시,호텔,318340.0,0.0
201803,대전광역시,기타숙박,97160.0,0.0
201803,대전광역시,렌터카,1191.0,0.0
201803,대전광역시,관광기념품,100.0,0.0
201803,대전광역시,레저용품쇼핑,19126.0,0.0
201803,대전광역시,대형쇼핑몰,378416.0,0.0
201803,대전광역시,관광유원시설,952.0,0.0
201803,대전광역시,골프장,54843.0,0.0
201803,대전광역시,문화서비스,934.0,0.0
201803,대전광역시,식음료,265913.0,0.0
201803,대전광역시,육상운송,1001843.0,0.0
201803,울산광역시,총소비,1264436.0,0.0
201803,울산광역시,호텔,696499.0,0.0
201803,울산광역시,기타숙박,67886.0,0.0
201803,울산광역시,여행업,641.0,0.0
201803,울산광역시,렌터카,1620.0,0.0
201803,울산광역시,관광기념품,805.0,0.0
201803,울산광역시,레저용품쇼핑,4766.0,0.0
201803,울산광역시,대형쇼핑몰,239045.0,0.0
201803,울산광역시,골프장,2046.0,0.0
201803,울산광역시,문화서비스,317.0,0.0
201803,울산광역시,식음료,250810.0,0.0
201803,세종특별자치시,총소비,53044.0,0.0
201803,세종특별자치시,기타숙박,1586.0,0.0
201803,세종특별자치시,레저용품쇼핑,581.0,0.0
201803,세종특별자치시,대형쇼핑몰,23908.0,0.0
201803,세종특별자치시,골프장,1408.0,0.0
201803,세종특별자치시,식음료,25561.0,0.0
201803,경기도,총소비,26192213.0,0.0
201803,경기도,콘도,4211.0,0.0
201803,경기도,호텔,5042158.0,0.0
201803,경기도,캠핑장/펜션,1742.0,0.0
201803,경기도,기타숙박,5490264.0,0.0
201803,경기도,여행업,50810.0,0.0
201803,경기도,렌터카,97570.0,0.0
201803,경기도,면세점,350.0,0.0
201803,경기도,관광기념품,73979.0,0.0
201803,경기도,레저용품쇼핑,586747.0,0.0
201803,경기도,대형쇼핑몰,7397145.0,0.0
201803,경기도,관광유원시설,39062.0,0.0
201803,경기도,골프장,348306.0,0.0
201803,경기도,기타레저,1239.0,0.0
201803,경기도,문화서비스,215906.0,0.0
201803,경기도,식음료,6801863.0,0.0
201803,경기도,육상운송,34796.0,0.0
201803,경기도,수상운송,3127.0,0.0
201803,경기도,스키장,2940.0,0.0
201803,강원도,총소비,2430243.0,0.0
201803,강원도,호텔,582822.0,0.0
201803,강원도,콘도,134946.0,0.0
201803,강원도,캠핑장/펜션,19860.0,0.0
201803,강원도,기타숙박,270193.0,0.0
201803,강원도,여행업,3317.0,0.0
201803,강원도,렌터카,19473.0,0.0
201803,강원도,면세점,5745.0,0.0
201803,강원도,관광기념품,10569.0,0.0
201803,강원도,레저용품쇼핑,93015.0,0.0
201803,강원도,대형쇼핑몰,232977.0,0.0
201803,강원도,관광유원시설,423.0,0.0
201803,강원도,골프장,18658.0,0.0
201803,강원도,기타레저,4305.0,0.0
201803,강원도,문화서비스,21165.0,0.0
201803,강원도,식음료,1012731.0,0.0
201803,강원도,육상운송,9.0,0.0
201803,강원도,수상운송,36.0,0.0
201803,충청북도,총소비,1040033.0,0.0
201803,충청북도,호텔,122858.0,0.0
201803,충청북도,캠핑장/펜션,40.0,0.0
201803,충청북도,기타숙박,417612.0,0.0
201803,충청북도,여행업,391.0,0.0
201803,충청북도,렌터카,538.0,0.0
201803,충청북도,면세점,2702.0,0.0
201803,충청북도,관광기념품,512.0,0.0
201803,충청북도,레저용품쇼핑,11909.0,0.0
201803,충청북도,대형쇼핑몰,214335.0,0.0
201803,충청북도,관광유원시설,124.0,0.0
201803,충청북도,골프장,21872.0,0.0
201803,충청북도,기타레저,244.0,0.0
201803,충청북도,문화서비스,95.0,0.0
201803,충청북도,식음료,242350.0,0.0
201803,충청북도,육상운송,4440.0,0.0
201803,충청북도,수상운송,10.0,0.0
201803,충청남도,총소비,1715796.0,0.0
201803,충청남도,콘도,838.0,0.0
201803,충청남도,호텔,707697.0,0.0
201803,충청남도,캠핑장/펜션,1052.0,0.0
201803,충청남도,기타숙박,257661.0,0.0
201803,충청남도,렌터카,20039.0,0.0
201803,충청남도,관광기념품,405.0,0.0
201803,충청남도,레저용품쇼핑,11156.0,0.0
201803,충청남도,대형쇼핑몰,283191.0,0.0
201803,충청남도,관광유원시설,398.0,0.0
201803,충청남도,골프장,8784.0,0.0
201803,충청남도,기타레저,35.0,0.0
201803,충청남도,문화서비스,876.0,0.0
201803,충청남도,식음료,423540.0,0.0
201803,충청남도,수상운송,122.0,0.0
201803,전라북도,총소비,1102672.0,0.0
201803,전라북도,호텔,36876.0,0.0
201803,전라북도,콘도,1087.0,0.0
201803,전라북도,캠핑장/펜션,12.0,0.0
201803,전라북도,기타숙박,350033.0,0.0
201803,전라북도,여행업,70.0,0.0
201803,전라북도,렌터카,3244.0,0.0
201803,전라북도,관광기념품,88433.0,0.0
201803,전라북도,레저용품쇼핑,42585.0,0.0
201803,전라북도,대형쇼핑몰,277052.0,0.0
201803,전라북도,관광유원시설,712.0,0.0
201803,전라북도,골프장,14328.0,0.0
201803,전라북도,문화서비스,1505.0,0.0
201803,전라북도,식음료,286734.0,0.0
201803,전라남도,총소비,573942.0,0.0
201803,전라남도,호텔,134200.0,0.0
201803,전라남도,콘도,579.0,0.0
201803,전라남도,캠핑장/펜션,258.0,0.0
201803,전라남도,기타숙박,83388.0,0.0
201803,전라남도,렌터카,1520.0,0.0
201803,전라남도,관광기념품,240.0,0.0
201803,전라남도,레저용품쇼핑,22030.0,0.0
201803,전라남도,대형쇼핑몰,127468.0,0.0
201803,전라남도,관광유원시설,2957.0,0.0
201803,전라남도,골프장,3590.0,0.0
201803,전라남도,기타레저,17.0,0.0
201803,전라남도,문화서비스,267.0,0.0
201803,전라남도,식음료,197368.0,0.0
201803,전라남도,수상운송,60.0,0.0
201803,경상북도,총소비,1586576.0,0.0
201803,경상북도,콘도,6992.0,0.0
201803,경상북도,호텔,442492.0,0.0
201803,경상북도,캠핑장/펜션,2174.0,0.0
201803,경상북도,기타숙박,320521.0,0.0
201803,경상북도,여행업,886.0,0.0
201803,경상북도,렌터카,17085.0,0.0
201803,경상북도,관광기념품,4828.0,0.0
201803,경상북도,레저용품쇼핑,18975.0,0.0
201803,경상북도,대형쇼핑몰,180161.0,0.0
201803,경상북도,관광유원시설,1524.0,0.0
201803,경상북도,골프장,18883.0,0.0
201803,경상북도,기타레저,17525.0,0.0
201803,경상북도,문화서비스,1408.0,0.0
201803,경상북도,식음료,551208.0,0.0
201803,경상북도,육상운송,1892.0,0.0
201803,경상북도,수상운송,21.0,0.0
201803,경상남도,총소비,3656295.0,0.0
201803,경상남도,콘도,6597.0,0.0
201803,경상남도,호텔,1186245.0,0.0
201803,경상남도,캠핑장/펜션,158.0,0.0
201803,경상남도,기타숙박,504795.0,0.0
201803,경상남도,렌터카,9286.0,0.0
201803,경상남도,관광기념품,2030.0,0.0
201803,경상남도,레저용품쇼핑,51263.0,0.0
201803,경상남도,대형쇼핑몰,872975.0,0.0
201803,경상남도,관광유원시설,1454.0,0.0
201803,경상남도,골프장,23396.0,0.0
201803,경상남도,기타레저,32.0,0.0
201803,경상남도,문화서비스,4971.0,0.0
201803,경상남도,식음료,993031.0,0.0
201803,경상남도,육상운송,4.0,0.0
201803,경상남도,수상운송,58.0,0.0
201803,제주특별자치도,총소비,15686390.0,0.0
201803,제주특별자치도,호텔,723334.0,0.0
201803,제주특별자치도,콘도,7114856.0,0.0
201803,제주특별자치도,캠핑장/펜션,9878.0,0.0
201803,제주특별자치도,기타숙박,662955.0,0.0
201803,제주특별자치도,여행업,1192.0,0.0
201803,제주특별자치도,항공운송,13655.0,0.0
201803,제주특별자치도,렌터카,153332.0,0.0
201803,제주특별자치도,면세점,3461493.0,0.0
201803,제주특별자치도,관광기념품,452928.0,0.0
201803,제주특별자치도,레저용품쇼핑,232792.0,0.0
201803,제주특별자치도,대형쇼핑몰,442034.0,0.0
201803,제주특별자치도,관광유원시설,14823.0,0.0
201803,제주특별자치도,골프장,912866.0,0.0
201803,제주특별자치도,문화서비스,43616.0,0.0
201803,제주특별자치도,식음료,1435750.0,0.0
201803,제주특별자치도,육상운송,975.0,0.0
201803,제주특별자치도,수상운송,9912.0,0.0
201804,서울특별시,카지노,16354544.0,0.0
201804,서울특별시,총소비,258327223.0,0.0
201804,서울특별시,호텔,60696106.0,0.0
201804,서울특별시,콘도,85095.0,0.0
201804,서울특별시,기타숙박,8832607.0,0.0
201804,서울특별시,여행업,725627.0,0.0
201804,서울특별시,항공운송,1605698.0,0.0
201804,서울특별시,렌터카,176628.0,0.0
201804,서울특별시,면세점,35278188.0,0.0
201804,서울특별시,관광기념품,7425227.0,0.0
201804,서울특별시,레저용품쇼핑,5293960.0,0.0
201804,서울특별시,대형쇼핑몰,88441275.0,0.0
201804,서울특별시,관광유원시설,211769.0,0.0
201804,서울특별시,골프장,29532.0,0.0
201804,서울특별시,기타레저,135.0,0.0
201804,서울특별시,문화서비스,336956.0,0.0
201804,서울특별시,식음료,32004797.0,0.0
201804,서울특별시,육상운송,821045.0,0.0
201804,서울특별시,수상운송,8035.0,0.0
201804,부산광역시,카지노,8097885.0,0.0
201804,부산광역시,총소비,28377838.0,0.0
201804,부산광역시,호텔,3167061.0,0.0
201804,부산광역시,콘도,3281.0,0.0
201804,부산광역시,캠핑장/펜션,500.0,0.0
201804,부산광역시,기타숙박,1126434.0,0.0
201804,부산광역시,여행업,7529.0,0.0
201804,부산광역시,항공운송,7451.0,0.0
201804,부산광역시,렌터카,19361.0,0.0
201804,부산광역시,면세점,4298130.0,0.0
201804,부산광역시,관광기념품,288864.0,0.0
201804,부산광역시,레저용품쇼핑,280761.0,0.0
201804,부산광역시,대형쇼핑몰,8499722.0,0.0
201804,부산광역시,관광유원시설,75723.0,0.0
201804,부산광역시,골프장,31884.0,0.0
201804,부산광역시,기타레저,39.0,0.0
201804,부산광역시,문화서비스,7258.0,0.0
201804,부산광역시,식음료,2456235.0,0.0
201804,부산광역시,수상운송,9721.0,0.0
201804,대구광역시,총소비,3266775.0,0.0
201804,대구광역시,호텔,1199994.0,0.0
201804,대구광역시,기타숙박,258834.0,0.0
201804,대구광역시,여행업,6.0,0.0
201804,대구광역시,렌터카,1232.0,0.0
201804,대구광역시,관광기념품,571.0,0.0
201804,대구광역시,레저용품쇼핑,77074.0,0.0
201804,대구광역시,대형쇼핑몰,982540.0,0.0
201804,대구광역시,관광유원시설,6831.0,0.0
201804,대구광역시,골프장,947.0,0.0
201804,대구광역시,기타레저,81.0,0.0
201804,대구광역시,문화서비스,3112.0,0.0
201804,대구광역시,식음료,735554.0,0.0
201804,인천광역시,총소비,42795100.0,0.0
201804,인천광역시,호텔,13738079.0,0.0
201804,인천광역시,캠핑장/펜션,1142.0,0.0
201804,인천광역시,기타숙박,707906.0,0.0
201804,인천광역시,여행업,877.0,0.0
201804,인천광역시,항공운송,14556.0,0.0
201804,인천광역시,렌터카,278030.0,0.0
201804,인천광역시,면세점,23296299.0,0.0
201804,인천광역시,관광기념품,131185.0,0.0
201804,인천광역시,레저용품쇼핑,43430.0,0.0
201804,인천광역시,대형쇼핑몰,1766758.0,0.0
201804,인천광역시,관광유원시설,63.0,0.0
201804,인천광역시,골프장,112513.0,0.0
201804,인천광역시,문화서비스,1767.0,0.0
201804,인천광역시,식음료,2702165.0,0.0
201804,인천광역시,수상운송,331.0,0.0
201804,광주광역시,총소비,1233633.0,0.0
201804,광주광역시,호텔,9981.0,0.0
201804,광주광역시,기타숙박,630644.0,0.0
201804,광주광역시,렌터카,4085.0,0.0
201804,광주광역시,관광기념품,51.0,0.0
201804,광주광역시,레저용품쇼핑,29654.0,0.0
201804,광주광역시,대형쇼핑몰,332629.0,0.0
201804,광주광역시,관광유원시설,83.0,0.0
201804,광주광역시,골프장,414.0,0.0
201804,광주광역시,문화서비스,994.0,0.0
201804,광주광역시,식음료,225098.0,0.0
201804,대전광역시,총소비,2266002.0,0.0
201804,대전광역시,호텔,394617.0,0.0
201804,대전광역시,기타숙박,130447.0,0.0
201804,대전광역시,여행업,916.0,0.0
201804,대전광역시,렌터카,2003.0,0.0
201804,대전광역시,관광기념품,143.0,0.0
201804,대전광역시,레저용품쇼핑,19184.0,0.0
201804,대전광역시,대형쇼핑몰,374055.0,0.0
201804,대전광역시,관광유원시설,932.0,0.0
201804,대전광역시,골프장,45547.0,0.0
201804,대전광역시,기타레저,13.0,0.0
201804,대전광역시,문화서비스,1524.0,0.0
201804,대전광역시,식음료,273254.0,0.0
201804,대전광역시,육상운송,1023367.0,0.0
201804,울산광역시,총소비,1039309.0,0.0
201804,울산광역시,호텔,473857.0,0.0
201804,울산광역시,기타숙박,67695.0,0.0
201804,울산광역시,여행업,1077.0,0.0
201804,울산광역시,렌터카,55.0,0.0
201804,울산광역시,면세점,481.0,0.0
201804,울산광역시,관광기념품,3613.0,0.0
201804,울산광역시,레저용품쇼핑,8974.0,0.0
201804,울산광역시,대형쇼핑몰,283509.0,0.0
201804,울산광역시,관광유원시설,45.0,0.0
201804,울산광역시,골프장,5541.0,0.0
201804,울산광역시,문화서비스,200.0,0.0
201804,울산광역시,식음료,194260.0,0.0
201804,세종특별자치시,총소비,46764.0,0.0
201804,세종특별자치시,기타숙박,2090.0,0.0
201804,세종특별자치시,레저용품쇼핑,762.0,0.0
201804,세종특별자치시,대형쇼핑몰,18485.0,0.0
201804,세종특별자치시,골프장,977.0,0.0
201804,세종특별자치시,식음료,24450.0,0.0
201804,경기도,총소비,26086303.0,0.0
201804,경기도,호텔,4944795.0,0.0
201804,경기도,콘도,7629.0,0.0
201804,경기도,캠핑장/펜션,2015.0,0.0
201804,경기도,기타숙박,5405738.0,0.0
201804,경기도,여행업,57048.0,0.0
201804,경기도,렌터카,103490.0,0.0
201804,경기도,면세점,144.0,0.0
201804,경기도,관광기념품,102869.0,0.0
201804,경기도,레저용품쇼핑,533009.0,0.0
201804,경기도,대형쇼핑몰,7494669.0,0.0
201804,경기도,관광유원시설,56965.0,0.0
201804,경기도,골프장,527106.0,0.0
201804,경기도,기타레저,537.0,0.0
201804,경기도,문화서비스,341984.0,0.0
201804,경기도,식음료,6484000.0,0.0
201804,경기도,육상운송,19665.0,0.0
201804,경기도,수상운송,4600.0,0.0
201804,경기도,스키장,40.0,0.0
201804,강원도,총소비,830614.0,0.0
201804,강원도,콘도,82034.0,0.0
201804,강원도,호텔,116484.0,0.0
201804,강원도,캠핑장/펜션,5494.0,0.0
201804,강원도,기타숙박,106569.0,0.0
201804,강원도,여행업,9151.0,0.0
201804,강원도,렌터카,2932.0,0.0
201804,강원도,면세점,6588.0,0.0
201804,강원도,관광기념품,8302.0,0.0
201804,강원도,레저용품쇼핑,20176.0,0.0
201804,강원도,대형쇼핑몰,133451.0,0.0
201804,강원도,관광유원시설,380.0,0.0
201804,강원도,골프장,55243.0,0.0
201804,강원도,기타레저,1965.0,0.0
201804,강원도,문화서비스,3146.0,0.0
201804,강원도,식음료,278634.0,0.0
201804,강원도,수상운송,66.0,0.0
201804,충청북도,총소비,926042.0,0.0
201804,충청북도,호텔,122994.0,0.0
201804,충청북도,콘도,189.0,0.0
201804,충청북도,캠핑장/펜션,81.0,0.0
201804,충청북도,기타숙박,338084.0,0.0
201804,충청북도,렌터카,277.0,0.0
201804,충청북도,면세점,5771.0,0.0
201804,충청북도,관광기념품,645.0,0.0
201804,충청북도,레저용품쇼핑,17625.0,0.0
201804,충청북도,대형쇼핑몰,216090.0,0.0
201804,충청북도,관광유원시설,74.0,0.0
201804,충청북도,골프장,13657.0,0.0
201804,충청북도,기타레저,132.0,0.0
201804,충청북도,문화서비스,228.0,0.0
201804,충청북도,식음료,210195.0,0.0
201804,충청남도,총소비,1529163.0,0.0
201804,충청남도,콘도,1279.0,0.0
201804,충청남도,호텔,585378.0,0.0
201804,충청남도,캠핑장/펜션,119.0,0.0
201804,충청남도,기타숙박,245327.0,0.0
201804,충청남도,여행업,47.0,0.0
201804,충청남도,렌터카,4511.0,0.0
201804,충청남도,관광기념품,934.0,0.0
201804,충청남도,레저용품쇼핑,11513.0,0.0
201804,충청남도,대형쇼핑몰,267342.0,0.0
201804,충청남도,관광유원시설,320.0,0.0
201804,충청남도,골프장,18083.0,0.0
201804,충청남도,기타레저,47.0,0.0
201804,충청남도,문화서비스,637.0,0.0
201804,충청남도,식음료,393616.0,0.0
201804,충청남도,수상운송,10.0,0.0
201804,전라북도,총소비,910667.0,0.0
201804,전라북도,콘도,2150.0,0.0
201804,전라북도,호텔,23063.0,0.0
201804,전라북도,캠핑장/펜션,1.0,0.0
201804,전라북도,기타숙박,268396.0,0.0
201804,전라북도,렌터카,4682.0,0.0
201804,전라북도,관광기념품,4419.0,0.0
201804,전라북도,레저용품쇼핑,41983.0,0.0
201804,전라북도,대형쇼핑몰,263095.0,0.0
201804,전라북도,관광유원시설,184.0,0.0
201804,전라북도,골프장,6344.0,0.0
201804,전라북도,문화서비스,3529.0,0.0
201804,전라북도,식음료,292821.0,0.0
201804,전라남도,총소비,660372.0,0.0
201804,전라남도,콘도,172.0,0.0
201804,전라남도,호텔,147547.0,0.0
201804,전라남도,캠핑장/펜션,586.0,0.0
201804,전라남도,기타숙박,98051.0,0.0
201804,전라남도,여행업,340.0,0.0
201804,전라남도,렌터카,2077.0,0.0
201804,전라남도,관광기념품,1059.0,0.0
201804,전라남도,레저용품쇼핑,24938.0,0.0
201804,전라남도,대형쇼핑몰,135940.0,0.0
201804,전라남도,관광유원시설,6704.0,0.0
201804,전라남도,골프장,8985.0,0.0
201804,전라남도,문화서비스,994.0,0.0
201804,전라남도,식음료,232716.0,0.0
201804,전라남도,육상운송,7.0,0.0
201804,전라남도,수상운송,256.0,0.0
201804,경상북도,총소비,1968340.0,0.0
201804,경상북도,콘도,27314.0,0.0
201804,경상북도,호텔,504058.0,0.0
201804,경상북도,캠핑장/펜션,3687.0,0.0
201804,경상북도,기타숙박,370962.0,0.0
201804,경상북도,여행업,4700.0,0.0
201804,경상북도,렌터카,16392.0,0.0
201804,경상북도,관광기념품,11320.0,0.0
201804,경상북도,레저용품쇼핑,43279.0,0.0
201804,경상북도,대형쇼핑몰,201300.0,0.0
201804,경상북도,관광유원시설,1727.0,0.0
201804,경상북도,골프장,15199.0,0.0
201804,경상북도,기타레저,14326.0,0.0
201804,경상북도,문화서비스,3781.0,0.0
201804,경상북도,식음료,730449.0,0.0
201804,경상북도,육상운송,19837.0,0.0
201804,경상북도,수상운송,10.0,0.0
201804,경상남도,총소비,3780807.0,0.0
201804,경상남도,호텔,1119805.0,0.0
201804,경상남도,콘도,8094.0,0.0
201804,경상남도,캠핑장/펜션,581.0,0.0
201804,경상남도,기타숙박,546011.0,0.0
201804,경상남도,여행업,2386.0,0.0
201804,경상남도,렌터카,6062.0,0.0
201804,경상남도,관광기념품,2789.0,0.0
201804,경상남도,레저용품쇼핑,50086.0,0.0
201804,경상남도,대형쇼핑몰,989479.0,0.0
201804,경상남도,관광유원시설,5570.0,0.0
201804,경상남도,골프장,72917.0,0.0
201804,경상남도,기타레저,157.0,0.0
201804,경상남도,문화서비스,5747.0,0.0
201804,경상남도,식음료,971123.0,0.0
201804,제주특별자치도,총소비,16594216.0,0.0
201804,제주특별자치도,호텔,1399154.0,0.0
201804,제주특별자치도,콘도,6604122.0,0.0
201804,제주특별자치도,캠핑장/펜션,24076.0,0.0
201804,제주특별자치도,기타숙박,1353232.0,0.0
201804,제주특별자치도,여행업,10904.0,0.0
201804,제주특별자치도,항공운송,38417.0,0.0
201804,제주특별자치도,렌터카,208556.0,0.0
201804,제주특별자치도,면세점,2828889.0,0.0
201804,제주특별자치도,관광기념품,679760.0,0.0
201804,제주특별자치도,레저용품쇼핑,364137.0,0.0
201804,제주특별자치도,대형쇼핑몰,501937.0,0.0
201804,제주특별자치도,관광유원시설,38647.0,0.0
201804,제주특별자치도,골프장,266979.0,0.0
201804,제주특별자치도,기타레저,272.0,0.0
201804,제주특별자치도,문화서비스,99467.0,0.0
201804,제주특별자치도,식음료,2150391.0,0.0
201804,제주특별자치도,육상운송,3513.0,0.0
201804,제주특별자치도,수상운송,21764.0,0.0
201805,서울특별시,카지노,22435644.0,0.0
201805,서울특별시,총소비,271009363.0,0.0
201805,서울특별시,호텔,56976989.0,0.0
201805,서울특별시,콘도,112294.0,0.0
201805,서울특별시,기타숙박,8225762.0,0.0
201805,서울특별시,여행업,700484.0,0.0
201805,서울특별시,항공운송,1760562.0,0.0
201805,서울특별시,렌터카,150650.0,0.0
201805,서울특별시,면세점,37744031.0,0.0
201805,서울특별시,관광기념품,5455440.0,0.0
201805,서울특별시,레저용품쇼핑,5473755.0,0.0
201805,서울특별시,대형쇼핑몰,96557271.0,0.0
201805,서울특별시,관광유원시설,164858.0,0.0
201805,서울특별시,골프장,24627.0,0.0
201805,서울특별시,기타레저,145.0,0.0
201805,서울특별시,문화서비스,769741.0,0.0
201805,서울특별시,식음료,33531287.0,0.0
201805,서울특별시,육상운송,908694.0,0.0
201805,서울특별시,수상운송,17127.0,0.0
201805,부산광역시,카지노,9336350.0,0.0
201805,부산광역시,총소비,32879269.0,0.0
201805,부산광역시,호텔,4677158.0,0.0
201805,부산광역시,콘도,3423.0,0.0
201805,부산광역시,기타숙박,1516440.0,0.0
201805,부산광역시,여행업,6873.0,0.0
201805,부산광역시,항공운송,8330.0,0.0
201805,부산광역시,렌터카,13877.0,0.0
201805,부산광역시,면세점,4593517.0,0.0
201805,부산광역시,관광기념품,130893.0,0.0
201805,부산광역시,레저용품쇼핑,314641.0,0.0
201805,부산광역시,대형쇼핑몰,9340303.0,0.0
201805,부산광역시,관광유원시설,75597.0,0.0
201805,부산광역시,골프장,39530.0,0.0
201805,부산광역시,기타레저,177.0,0.0
201805,부산광역시,문화서비스,8920.0,0.0
201805,부산광역시,식음료,2801609.0,0.0
201805,부산광역시,육상운송,1709.0,0.0
201805,부산광역시,수상운송,9923.0,0.0
201805,대구광역시,총소비,2684061.0,0.0
201805,대구광역시,호텔,886967.0,0.0
201805,대구광역시,캠핑장/펜션,944.0,0.0
201805,대구광역시,기타숙박,200110.0,0.0
201805,대구광역시,여행업,960.0,0.0
201805,대구광역시,렌터카,4551.0,0.0
201805,대구광역시,관광기념품,972.0,0.0
201805,대구광역시,레저용품쇼핑,141010.0,0.0
201805,대구광역시,대형쇼핑몰,749297.0,0.0
201805,대구광역시,관광유원시설,5494.0,0.0
201805,대구광역시,골프장,1281.0,0.0
201805,대구광역시,기타레저,908.0,0.0
201805,대구광역시,문화서비스,2910.0,0.0
201805,대구광역시,식음료,688655.0,0.0
201805,인천광역시,총소비,44363381.0,0.0
201805,인천광역시,호텔,11784533.0,0.0
201805,인천광역시,기타숙박,868235.0,0.0
201805,인천광역시,여행업,8575.0,0.0
201805,인천광역시,항공운송,10556.0,0.0
201805,인천광역시,렌터카,226372.0,0.0
201805,인천광역시,면세점,26326477.0,0.0
201805,인천광역시,관광기념품,136034.0,0.0
201805,인천광역시,레저용품쇼핑,47489.0,0.0
201805,인천광역시,대형쇼핑몰,1802233.0,0.0
201805,인천광역시,관광유원시설,374.0,0.0
201805,인천광역시,골프장,118665.0,0.0
201805,인천광역시,기타레저,74.0,0.0
201805,인천광역시,문화서비스,1208.0,0.0
201805,인천광역시,식음료,3032211.0,0.0
201805,인천광역시,수상운송,345.0,0.0
201805,광주광역시,총소비,1835895.0,0.0
201805,광주광역시,호텔,7955.0,0.0
201805,광주광역시,기타숙박,933947.0,0.0
201805,광주광역시,렌터카,1960.0,0.0
201805,광주광역시,관광기념품,65.0,0.0
201805,광주광역시,레저용품쇼핑,39813.0,0.0
201805,광주광역시,대형쇼핑몰,520529.0,0.0
201805,광주광역시,관광유원시설,64.0,0.0
201805,광주광역시,골프장,1992.0,0.0
201805,광주광역시,문화서비스,2134.0,0.0
201805,광주광역시,식음료,324598.0,0.0
201805,광주광역시,육상운송,2839.0,0.0
201805,대전광역시,총소비,2234919.0,0.0
201805,대전광역시,호텔,373589.0,0.0
201805,대전광역시,기타숙박,79350.0,0.0
201805,대전광역시,여행업,4705.0,0.0
201805,대전광역시,렌터카,3385.0,0.0
201805,대전광역시,관광기념품,284.0,0.0
201805,대전광역시,레저용품쇼핑,17796.0,0.0
201805,대전광역시,대형쇼핑몰,321229.0,0.0
201805,대전광역시,관광유원시설,2481.0,0.0
201805,대전광역시,골프장,41561.0,0.0
201805,대전광역시,문화서비스,1012.0,0.0
201805,대전광역시,식음료,328464.0,0.0
201805,대전광역시,육상운송,1061063.0,0.0
201805,울산광역시,총소비,983937.0,0.0
201805,울산광역시,호텔,425715.0,0.0
201805,울산광역시,기타숙박,91371.0,0.0
201805,울산광역시,여행업,1007.0,0.0
201805,울산광역시,렌터카,334.0,0.0
201805,울산광역시,면세점,6069.0,0.0
201805,울산광역시,관광기념품,1082.0,0.0
201805,울산광역시,레저용품쇼핑,9500.0,0.0
201805,울산광역시,대형쇼핑몰,230623.0,0.0
201805,울산광역시,골프장,3665.0,0.0
201805,울산광역시,문화서비스,431.0,0.0
201805,울산광역시,식음료,214140.0,0.0
201805,세종특별자치시,총소비,62892.0,0.0
201805,세종특별자치시,기타숙박,1980.0,0.0
201805,세종특별자치시,레저용품쇼핑,738.0,0.0
201805,세종특별자치시,대형쇼핑몰,26905.0,0.0
201805,세종특별자치시,골프장,5224.0,0.0
201805,세종특별자치시,문화서비스,20.0,0.0
201805,세종특별자치시,식음료,28025.0,0.0
201805,경기도,총소비,26986219.0,0.0
201805,경기도,호텔,4064533.0,0.0
201805,경기도,콘도,1986.0,0.0
201805,경기도,캠핑장/펜션,340.0,0.0
201805,경기도,기타숙박,5392224.0,0.0
201805,경기도,여행업,62808.0,0.0
201805,경기도,렌터카,119578.0,0.0
201805,경기도,면세점,20.0,0.0
201805,경기도,관광기념품,104952.0,0.0
201805,경기도,레저용품쇼핑,565271.0,0.0
201805,경기도,대형쇼핑몰,8493132.0,0.0
201805,경기도,관광유원시설,53877.0,0.0
201805,경기도,골프장,606282.0,0.0
201805,경기도,기타레저,1379.0,0.0
201805,경기도,문화서비스,301925.0,0.0
201805,경기도,식음료,7193540.0,0.0
201805,경기도,육상운송,20108.0,0.0
201805,경기도,수상운송,4222.0,0.0
201805,경기도,스키장,40.0,0.0
201805,강원도,총소비,967067.0,0.0
201805,강원도,호텔,88571.0,0.0
201805,강원도,콘도,77342.0,0.0
201805,강원도,캠핑장/펜션,6858.0,0.0
201805,강원도,기타숙박,171664.0,0.0
201805,강원도,여행업,14574.0,0.0
201805,강원도,렌터카,10899.0,0.0
201805,강원도,면세점,267.0,0.0
201805,강원도,관광기념품,7498.0,0.0
201805,강원도,레저용품쇼핑,30356.0,0.0
201805,강원도,대형쇼핑몰,154794.0,0.0
201805,강원도,관광유원시설,2152.0,0.0
201805,강원도,골프장,54809.0,0.0
201805,강원도,기타레저,3826.0,0.0
201805,강원도,문화서비스,3682.0,0.0
201805,강원도,식음료,339642.0,0.0
201805,강원도,육상운송,22.0,0.0
201805,강원도,수상운송,112.0,0.0
201805,충청북도,총소비,1117026.0,0.0
201805,충청북도,호텔,140659.0,0.0
201805,충청북도,콘도,163.0,0.0
201805,충청북도,기타숙박,411334.0,0.0
201805,충청북도,여행업,1907.0,0.0
201805,충청북도,렌터카,819.0,0.0
201805,충청북도,면세점,18591.0,0.0
201805,충청북도,관광기념품,128.0,0.0
201805,충청북도,레저용품쇼핑,27932.0,0.0
201805,충청북도,대형쇼핑몰,230283.0,0.0
201805,충청북도,관광유원시설,280.0,0.0
201805,충청북도,골프장,34096.0,0.0
201805,충청북도,문화서비스,397.0,0.0
201805,충청북도,식음료,250375.0,0.0
201805,충청북도,육상운송,22.0,0.0
201805,충청북도,수상운송,39.0,0.0
201805,충청남도,총소비,1742211.0,0.0
201805,충청남도,호텔,642410.0,0.0
201805,충청남도,콘도,3202.0,0.0
201805,충청남도,캠핑장/펜션,115.0,0.0
201805,충청남도,기타숙박,306776.0,0.0
201805,충청남도,여행업,98.0,0.0
201805,충청남도,렌터카,10450.0,0.0
201805,충청남도,관광기념품,361.0,0.0
201805,충청남도,레저용품쇼핑,25268.0,0.0
201805,충청남도,대형쇼핑몰,279732.0,0.0
201805,충청남도,관광유원시설,875.0,0.0
201805,충청남도,골프장,23263.0,0.0
201805,충청남도,기타레저,25.0,0.0
201805,충청남도,문화서비스,566.0,0.0
201805,충청남도,식음료,448999.0,0.0
201805,충청남도,수상운송,72.0,0.0
201805,전라북도,총소비,980673.0,0.0
201805,전라북도,호텔,29574.0,0.0
201805,전라북도,콘도,3390.0,0.0
201805,전라북도,캠핑장/펜션,500.0,0.0
201805,전라북도,기타숙박,251894.0,0.0
201805,전라북도,여행업,52.0,0.0
201805,전라북도,렌터카,11746.0,0.0
201805,전라북도,관광기념품,5041.0,0.0
201805,전라북도,레저용품쇼핑,28952.0,0.0
201805,전라북도,대형쇼핑몰,295720.0,0.0
201805,전라북도,관광유원시설,262.0,0.0
201805,전라북도,골프장,10489.0,0.0
201805,전라북도,문화서비스,4807.0,0.0
201805,전라북도,식음료,334414.0,0.0
201805,전라북도,육상운송,3450.0,0.0
201805,전라북도,수상운송,381.0,0.0
201805,전라남도,총소비,707047.0,0.0
201805,전라남도,호텔,111212.0,0.0
201805,전라남도,콘도,360.0,0.0
201805,전라남도,캠핑장/펜션,3298.0,0.0
201805,전라남도,기타숙박,110942.0,0.0
201805,전라남도,여행업,490.0,0.0
201805,전라남도,렌터카,2230.0,0.0
201805,전라남도,관광기념품,5771.0,0.0
201805,전라남도,레저용품쇼핑,11908.0,0.0
201805,전라남도,대형쇼핑몰,120706.0,0.0
201805,전라남도,관광유원시설,5032.0,0.0
201805,전라남도,골프장,99124.0,0.0
201805,전라남도,문화서비스,1067.0,0.0
201805,전라남도,식음료,234763.0,0.0
201805,전라남도,수상운송,144.0,0.0
201805,경상북도,총소비,1706099.0,0.0
201805,경상북도,호텔,540958.0,0.0
201805,경상북도,콘도,9443.0,0.0
201805,경상북도,캠핑장/펜션,5321.0,0.0
201805,경상북도,기타숙박,290480.0,0.0
201805,경상북도,여행업,4770.0,0.0
201805,경상북도,렌터카,15222.0,0.0
201805,경상북도,관광기념품,6917.0,0.0
201805,경상북도,레저용품쇼핑,28091.0,0.0
201805,경상북도,대형쇼핑몰,189561.0,0.0
201805,경상북도,관광유원시설,3296.0,0.0
201805,경상북도,골프장,17742.0,0.0
201805,경상북도,기타레저,11334.0,0.0
201805,경상북도,문화서비스,3689.0,0.0
201805,경상북도,식음료,578433.0,0.0
201805,경상북도,육상운송,739.0,0.0
201805,경상북도,수상운송,99.0,0.0
201805,경상남도,총소비,3780692.0,0.0
201805,경상남도,호텔,987244.0,0.0
201805,경상남도,콘도,6703.0,0.0
201805,경상남도,캠핑장/펜션,1950.0,0.0
201805,경상남도,기타숙박,547628.0,0.0
201805,경상남도,여행업,750.0,0.0
201805,경상남도,렌터카,5140.0,0.0
201805,경상남도,관광기념품,3831.0,0.0
201805,경상남도,레저용품쇼핑,50970.0,0.0
201805,경상남도,대형쇼핑몰,1070227.0,0.0
201805,경상남도,관광유원시설,8186.0,0.0
201805,경상남도,골프장,73273.0,0.0
201805,경상남도,기타레저,118.0,0.0
201805,경상남도,문화서비스,2669.0,0.0
201805,경상남도,식음료,1021551.0,0.0
201805,경상남도,육상운송,452.0,0.0
201805,제주특별자치도,총소비,17475796.0,0.0
201805,제주특별자치도,호텔,1408511.0,0.0
201805,제주특별자치도,콘도,5956737.0,0.0
201805,제주특별자치도,캠핑장/펜션,21389.0,0.0
201805,제주특별자치도,기타숙박,1380892.0,0.0
201805,제주특별자치도,여행업,27066.0,0.0
201805,제주특별자치도,항공운송,42652.0,0.0
201805,제주특별자치도,렌터카,236000.0,0.0
201805,제주특별자치도,면세점,3432165.0,0.0
201805,제주특별자치도,관광기념품,535941.0,0.0
201805,제주특별자치도,레저용품쇼핑,648626.0,0.0
201805,제주특별자치도,대형쇼핑몰,526737.0,0.0
201805,제주특별자치도,관광유원시설,38320.0,0.0
201805,제주특별자치도,골프장,382796.0,0.0
201805,제주특별자치도,문화서비스,90129.0,0.0
201805,제주특별자치도,식음료,2717253.0,0.0
201805,제주특별자치도,육상운송,3958.0,0.0
201805,제주특별자치도,수상운송,26624.0,0.0
201806,서울특별시,카지노,20816359.0,0.0
201806,서울특별시,총소비,240080012.0,0.0
201806,서울특별시,호텔,56260032.0,0.0
201806,서울특별시,콘도,60423.0,0.0
201806,서울특별시,캠핑장/펜션,90.0,0.0
201806,서울특별시,기타숙박,8204644.0,0.0
201806,서울특별시,여행업,733033.0,0.0
201806,서울특별시,항공운송,1694766.0,0.0
201806,서울특별시,렌터카,145049.0,0.0
201806,서울특별시,면세점,35060835.0,0.0
201806,서울특별시,관광기념품,5905716.0,0.0
201806,서울특별시,레저용품쇼핑,5266381.0,0.0
201806,서울특별시,대형쇼핑몰,70988381.0,0.0
201806,서울특별시,관광유원시설,161256.0,0.0
201806,서울특별시,골프장,30837.0,0.0
201806,서울특별시,기타레저,169.0,0.0
201806,서울특별시,문화서비스,507652.0,0.0
201806,서울특별시,식음료,33416307.0,0.0
201806,서울특별시,육상운송,808194.0,0.0
201806,서울특별시,수상운송,19888.0,0.0
201806,부산광역시,카지노,9218187.0,0.0
201806,부산광역시,총소비,29238886.0,0.0
201806,부산광역시,호텔,2988494.0,0.0
201806,부산광역시,콘도,2093.0,0.0
201806,부산광역시,기타숙박,1064895.0,0.0
201806,부산광역시,여행업,18589.0,0.0
201806,부산광역시,항공운송,5404.0,0.0
201806,부산광역시,렌터카,18019.0,0.0
201806,부산광역시,면세점,4222909.0,0.0
201806,부산광역시,관광기념품,153861.0,0.0
201806,부산광역시,레저용품쇼핑,256013.0,0.0
201806,부산광역시,대형쇼핑몰,8522698.0,0.0
201806,부산광역시,관광유원시설,83985.0,0.0
201806,부산광역시,골프장,28571.0,0.0
201806,부산광역시,기타레저,212.0,0.0
201806,부산광역시,문화서비스,2573.0,0.0
201806,부산광역시,식음료,2641767.0,0.0
201806,부산광역시,육상운송,990.0,0.0
201806,부산광역시,수상운송,9627.0,0.0
201806,대구광역시,총소비,2784431.0,0.0
201806,대구광역시,호텔,977475.0,0.0
201806,대구광역시,기타숙박,215097.0,0.0
201806,대구광역시,여행업,4.0,0.0
201806,대구광역시,렌터카,1670.0,0.0
201806,대구광역시,관광기념품,744.0,0.0
201806,대구광역시,레저용품쇼핑,72061.0,0.0
201806,대구광역시,대형쇼핑몰,899677.0,0.0
201806,대구광역시,관광유원시설,7600.0,0.0
201806,대구광역시,골프장,888.0,0.0
201806,대구광역시,기타레저,1754.0,0.0
201806,대구광역시,문화서비스,1390.0,0.0
201806,대구광역시,식음료,606071.0,0.0
201806,인천광역시,총소비,39777100.0,0.0
201806,인천광역시,호텔,11601113.0,0.0
201806,인천광역시,캠핑장/펜션,12.0,0.0
201806,인천광역시,기타숙박,728857.0,0.0
201806,인천광역시,여행업,1123.0,0.0
201806,인천광역시,항공운송,6500.0,0.0
201806,인천광역시,렌터카,259053.0,0.0
201806,인천광역시,면세점,22335645.0,0.0
201806,인천광역시,관광기념품,129741.0,0.0
201806,인천광역시,레저용품쇼핑,46568.0,0.0
201806,인천광역시,대형쇼핑몰,1607121.0,0.0
201806,인천광역시,관광유원시설,168.0,0.0
201806,인천광역시,골프장,120257.0,0.0
201806,인천광역시,문화서비스,712.0,0.0
201806,인천광역시,식음료,2939623.0,0.0
201806,인천광역시,수상운송,607.0,0.0
201806,광주광역시,총소비,1077268.0,0.0
201806,광주광역시,호텔,10218.0,0.0
201806,광주광역시,기타숙박,402876.0,0.0
201806,광주광역시,렌터카,1713.0,0.0
201806,광주광역시,관광기념품,181.0,0.0
201806,광주광역시,레저용품쇼핑,27968.0,0.0
201806,광주광역시,대형쇼핑몰,382027.0,0.0
201806,광주광역시,관광유원시설,74.0,0.0
201806,광주광역시,골프장,600.0,0.0
201806,광주광역시,기타레저,35.0,0.0
201806,광주광역시,문화서비스,38655.0,0.0
201806,광주광역시,식음료,212921.0,0.0
201806,대전광역시,총소비,2183212.0,0.0
201806,대전광역시,호텔,425336.0,0.0
201806,대전광역시,기타숙박,73927.0,0.0
201806,대전광역시,여행업,3526.0,0.0
201806,대전광역시,렌터카,908.0,0.0
201806,대전광역시,관광기념품,522.0,0.0
201806,대전광역시,레저용품쇼핑,25510.0,0.0
201806,대전광역시,대형쇼핑몰,348884.0,0.0
201806,대전광역시,관광유원시설,1184.0,0.0
201806,대전광역시,골프장,25224.0,0.0
201806,대전광역시,문화서비스,568.0,0.0
201806,대전광역시,식음료,309428.0,0.0
201806,대전광역시,육상운송,968196.0,0.0
201806,울산광역시,총소비,965786.0,0.0
201806,울산광역시,호텔,400354.0,0.0
201806,울산광역시,캠핑장/펜션,260.0,0.0
201806,울산광역시,기타숙박,83071.0,0.0
201806,울산광역시,여행업,880.0,0.0
201806,울산광역시,렌터카,300.0,0.0
201806,울산광역시,면세점,2964.0,0.0
201806,울산광역시,관광기념품,1651.0,0.0
201806,울산광역시,레저용품쇼핑,5674.0,0.0
201806,울산광역시,대형쇼핑몰,250198.0,0.0
201806,울산광역시,골프장,4185.0,0.0
201806,울산광역시,문화서비스,254.0,0.0
201806,울산광역시,식음료,215994.0,0.0
201806,세종특별자치시,총소비,54294.0,0.0
201806,세종특별자치시,기타숙박,2031.0,0.0
201806,세종특별자치시,레저용품쇼핑,729.0,0.0
201806,세종특별자치시,대형쇼핑몰,22395.0,0.0
201806,세종특별자치시,골프장,662.0,0.0
201806,세종특별자치시,문화서비스,14.0,0.0
201806,세종특별자치시,식음료,28462.0,0.0
201806,경기도,총소비,25653220.0,0.0
201806,경기도,호텔,4420635.0,0.0
201806,경기도,콘도,25049.0,0.0
201806,경기도,캠핑장/펜션,1259.0,0.0
201806,경기도,기타숙박,5161770.0,0.0
201806,경기도,여행업,90745.0,0.0
201806,경기도,렌터카,145072.0,0.0
201806,경기도,면세점,97.0,0.0
201806,경기도,관광기념품,107022.0,0.0
201806,경기도,레저용품쇼핑,410258.0,0.0
201806,경기도,대형쇼핑몰,7266016.0,0.0
201806,경기도,관광유원시설,58620.0,0.0
201806,경기도,골프장,552455.0,0.0
201806,경기도,기타레저,1897.0,0.0
201806,경기도,문화서비스,357476.0,0.0
201806,경기도,식음료,7035270.0,0.0
201806,경기도,육상운송,14850.0,0.0
201806,경기도,수상운송,4729.0,0.0
201806,강원도,총소비,961512.0,0.0
201806,강원도,콘도,139995.0,0.0
201806,강원도,호텔,81758.0,0.0
201806,강원도,캠핑장/펜션,4676.0,0.0
201806,강원도,기타숙박,110317.0,0.0
201806,강원도,여행업,13079.0,0.0
201806,강원도,렌터카,17848.0,0.0
201806,강원도,면세점,2567.0,0.0
201806,강원도,관광기념품,7867.0,0.0
201806,강원도,레저용품쇼핑,23036.0,0.0
201806,강원도,대형쇼핑몰,122718.0,0.0
201806,강원도,관광유원시설,440.0,0.0
201806,강원도,골프장,133980.0,0.0
201806,강원도,기타레저,3826.0,0.0
201806,강원도,문화서비스,1678.0,0.0
201806,강원도,식음료,297597.0,0.0
201806,강원도,육상운송,64.0,0.0
201806,강원도,수상운송,66.0,0.0
201806,충청북도,총소비,993781.0,0.0
201806,충청북도,호텔,110604.0,0.0
201806,충청북도,기타숙박,391290.0,0.0
201806,충청북도,렌터카,695.0,0.0
201806,충청북도,면세점,5035.0,0.0
201806,충청북도,레저용품쇼핑,19418.0,0.0
201806,충청북도,대형쇼핑몰,213232.0,0.0
201806,충청북도,관광유원시설,209.0,0.0
201806,충청북도,골프장,24961.0,0.0
201806,충청북도,기타레저,55.0,0.0
201806,충청북도,문화서비스,162.0,0.0
201806,충청북도,식음료,228077.0,0.0
201806,충청북도,육상운송,44.0,0.0
201806,충청남도,총소비,1538471.0,0.0
201806,충청남도,콘도,4008.0,0.0
201806,충청남도,호텔,529387.0,0.0
201806,충청남도,캠핑장/펜션,1154.0,0.0
201806,충청남도,기타숙박,270648.0,0.0
201806,충청남도,여행업,4.0,0.0
201806,충청남도,렌터카,2834.0,0.0
201806,충청남도,관광기념품,292.0,0.0
201806,충청남도,레저용품쇼핑,29526.0,0.0
201806,충청남도,대형쇼핑몰,285600.0,0.0
201806,충청남도,관광유원시설,436.0,0.0
201806,충청남도,골프장,15610.0,0.0
201806,충청남도,기타레저,26.0,0.0
201806,충청남도,문화서비스,723.0,0.0
201806,충청남도,식음료,398213.0,0.0
201806,충청남도,수상운송,10.0,0.0
201806,전라북도,총소비,870094.0,0.0
201806,전라북도,호텔,34771.0,0.0
201806,전라북도,콘도,4108.0,0.0
201806,전라북도,캠핑장/펜션,440.0,0.0
201806,전라북도,기타숙박,161709.0,0.0
201806,전라북도,렌터카,6051.0,0.0
201806,전라북도,관광기념품,4643.0,0.0
201806,전라북도,레저용품쇼핑,30084.0,0.0
201806,전라북도,대형쇼핑몰,307374.0,0.0
201806,전라북도,관광유원시설,240.0,0.0
201806,전라북도,골프장,9238.0,0.0
201806,전라북도,문화서비스,1578.0,0.0
201806,전라북도,식음료,308875.0,0.0
201806,전라북도,수상운송,982.0,0.0
201806,전라남도,총소비,576741.0,0.0
201806,전라남도,콘도,166.0,0.0
201806,전라남도,호텔,106189.0,0.0
201806,전라남도,캠핑장/펜션,388.0,0.0
201806,전라남도,기타숙박,120764.0,0.0
201806,전라남도,여행업,480.0,0.0
201806,전라남도,렌터카,1631.0,0.0
201806,전라남도,관광기념품,532.0,0.0
201806,전라남도,레저용품쇼핑,15858.0,0.0
201806,전라남도,대형쇼핑몰,125233.0,0.0
201806,전라남도,관광유원시설,8382.0,0.0
201806,전라남도,골프장,12136.0,0.0
201806,전라남도,기타레저,6.0,0.0
201806,전라남도,문화서비스,1069.0,0.0
201806,전라남도,식음료,183826.0,0.0
201806,전라남도,수상운송,81.0,0.0
201806,경상북도,총소비,1526390.0,0.0
201806,경상북도,콘도,11167.0,0.0
201806,경상북도,호텔,439148.0,0.0
201806,경상북도,캠핑장/펜션,3780.0,0.0
201806,경상북도,기타숙박,252560.0,0.0
201806,경상북도,여행업,286.0,0.0
201806,경상북도,렌터카,8402.0,0.0
201806,경상북도,관광기념품,6806.0,0.0
201806,경상북도,레저용품쇼핑,38169.0,0.0
201806,경상북도,대형쇼핑몰,220801.0,0.0
201806,경상북도,관광유원시설,1742.0,0.0
201806,경상북도,골프장,18106.0,0.0
201806,경상북도,기타레저,16718.0,0.0
201806,경상북도,문화서비스,1384.0,0.0
201806,경상북도,식음료,506629.0,0.0
201806,경상북도,육상운송,482.0,0.0
201806,경상북도,수상운송,212.0,0.0
201806,경상남도,총소비,3492451.0,0.0
201806,경상남도,호텔,950488.0,0.0
201806,경상남도,콘도,10756.0,0.0
201806,경상남도,캠핑장/펜션,507.0,0.0
201806,경상남도,기타숙박,525832.0,0.0
201806,경상남도,렌터카,4492.0,0.0
201806,경상남도,관광기념품,4065.0,0.0
201806,경상남도,레저용품쇼핑,44485.0,0.0
201806,경상남도,대형쇼핑몰,897215.0,0.0
201806,경상남도,관광유원시설,33650.0,0.0
201806,경상남도,골프장,109030.0,0.0
201806,경상남도,기타레저,24.0,0.0
201806,경상남도,문화서비스,1555.0,0.0
201806,경상남도,식음료,910352.0,0.0
201806,제주특별자치도,총소비,19550439.0,0.0
201806,제주특별자치도,호텔,1846509.0,0.0
201806,제주특별자치도,콘도,6417743.0,0.0
201806,제주특별자치도,캠핑장/펜션,36675.0,0.0
201806,제주특별자치도,기타숙박,1830129.0,0.0
201806,제주특별자치도,여행업,1961.0,0.0
201806,제주특별자치도,항공운송,31376.0,0.0
201806,제주특별자치도,렌터카,233513.0,0.0
201806,제주특별자치도,면세점,4136264.0,0.0
201806,제주특별자치도,관광기념품,489780.0,0.0
201806,제주특별자치도,레저용품쇼핑,472095.0,0.0
201806,제주특별자치도,대형쇼핑몰,570556.0,0.0
201806,제주특별자치도,관광유원시설,42168.0,0.0
201806,제주특별자치도,골프장,386895.0,0.0
201806,제주특별자치도,문화서비스,109550.0,0.0
201806,제주특별자치도,식음료,2911158.0,0.0
201806,제주특별자치도,육상운송,10872.0,0.0
201806,제주특별자치도,수상운송,23197.0,0.0
201807,서울특별시,카지노,20792414.0,0.0
201807,서울특별시,총소비,227383436.0,0.0
201807,서울특별시,호텔,54392711.0,0.0
201807,서울특별시,콘도,141726.0,0.0
201807,서울특별시,캠핑장/펜션,50.0,0.0
201807,서울특별시,기타숙박,8092843.0,0.0
201807,서울특별시,여행업,695680.0,0.0
201807,서울특별시,항공운송,1433245.0,0.0
201807,서울특별시,렌터카,159665.0,0.0
201807,서울특별시,면세점,31228446.0,0.0
201807,서울특별시,관광기념품,5332668.0,0.0
201807,서울특별시,레저용품쇼핑,4200734.0,0.0
201807,서울특별시,대형쇼핑몰,68294786.0,0.0
201807,서울특별시,관광유원시설,258450.0,0.0
201807,서울특별시,골프장,30936.0,0.0
201807,서울특별시,기타레저,444.0,0.0
201807,서울특별시,문화서비스,603284.0,0.0
201807,서울특별시,식음료,31043861.0,0.0
201807,서울특별시,육상운송,656240.0,0.0
201807,서울특별시,수상운송,25253.0,0.0
201807,부산광역시,카지노,10175700.0,0.0
201807,부산광역시,총소비,29299649.0,0.0
201807,부산광역시,호텔,3262745.0,0.0
201807,부산광역시,콘도,4557.0,0.0
201807,부산광역시,캠핑장/펜션,60.0,0.0
201807,부산광역시,기타숙박,1360450.0,0.0
201807,부산광역시,여행업,8127.0,0.0
201807,부산광역시,항공운송,27453.0,0.0
201807,부산광역시,렌터카,10957.0,0.0
201807,부산광역시,면세점,3121891.0,0.0
201807,부산광역시,관광기념품,186881.0,0.0
201807,부산광역시,레저용품쇼핑,205437.0,0.0
201807,부산광역시,대형쇼핑몰,8163605.0,0.0
201807,부산광역시,관광유원시설,111326.0,0.0
201807,부산광역시,골프장,14585.0,0.0
201807,부산광역시,기타레저,529.0,0.0
201807,부산광역시,문화서비스,4791.0,0.0
201807,부산광역시,식음료,2630679.0,0.0
201807,부산광역시,육상운송,803.0,0.0
201807,부산광역시,수상운송,9072.0,0.0
201807,대구광역시,총소비,3321971.0,0.0
201807,대구광역시,호텔,972186.0,0.0
201807,대구광역시,기타숙박,216688.0,0.0
201807,대구광역시,여행업,30493.0,0.0
201807,대구광역시,렌터카,3240.0,0.0
201807,대구광역시,관광기념품,186.0,0.0
201807,대구광역시,레저용품쇼핑,61158.0,0.0
201807,대구광역시,대형쇼핑몰,1469385.0,0.0
201807,대구광역시,관광유원시설,5794.0,0.0
201807,대구광역시,골프장,2018.0,0.0
201807,대구광역시,기타레저,793.0,0.0
201807,대구광역시,문화서비스,3203.0,0.0
201807,대구광역시,식음료,556828.0,0.0
201807,인천광역시,총소비,42864090.0,0.0
201807,인천광역시,호텔,14162122.0,0.0
201807,인천광역시,캠핑장/펜션,1367.0,0.0
201807,인천광역시,기타숙박,652543.0,0.0
201807,인천광역시,여행업,5114.0,0.0
201807,인천광역시,항공운송,8896.0,0.0
201807,인천광역시,렌터카,251056.0,0.0
201807,인천광역시,면세점,21785535.0,0.0
201807,인천광역시,관광기념품,162149.0,0.0
201807,인천광역시,레저용품쇼핑,44111.0,0.0
201807,인천광역시,대형쇼핑몰,1782158.0,0.0
201807,인천광역시,관광유원시설,253.0,0.0
201807,인천광역시,골프장,89556.0,0.0
201807,인천광역시,문화서비스,917.0,0.0
201807,인천광역시,식음료,3915631.0,0.0
201807,인천광역시,수상운송,2683.0,0.0
201807,광주광역시,총소비,976712.0,0.0
201807,광주광역시,호텔,4894.0,0.0
201807,광주광역시,기타숙박,395129.0,0.0
201807,광주광역시,렌터카,1700.0,0.0
201807,광주광역시,관광기념품,216.0,0.0
201807,광주광역시,레저용품쇼핑,26309.0,0.0
201807,광주광역시,대형쇼핑몰,303879.0,0.0
201807,광주광역시,관광유원시설,142.0,0.0
201807,광주광역시,골프장,466.0,0.0
201807,광주광역시,문화서비스,39513.0,0.0
201807,광주광역시,식음료,204463.0,0.0
201807,대전광역시,총소비,2475161.0,0.0
201807,대전광역시,호텔,398858.0,0.0
201807,대전광역시,기타숙박,116041.0,0.0
201807,대전광역시,여행업,4951.0,0.0
201807,대전광역시,렌터카,4686.0,0.0
201807,대전광역시,관광기념품,732.0,0.0
201807,대전광역시,레저용품쇼핑,18201.0,0.0
201807,대전광역시,대형쇼핑몰,374459.0,0.0
201807,대전광역시,관광유원시설,1502.0,0.0
201807,대전광역시,골프장,62228.0,0.0
201807,대전광역시,기타레저,18.0,0.0
201807,대전광역시,문화서비스,1170.0,0.0
201807,대전광역시,식음료,327832.0,0.0
201807,대전광역시,육상운송,1164483.0,0.0
201807,울산광역시,총소비,1013695.0,0.0
201807,울산광역시,호텔,393683.0,0.0
201807,울산광역시,캠핑장/펜션,20.0,0.0
201807,울산광역시,기타숙박,78751.0,0.0
201807,울산광역시,여행업,1303.0,0.0
201807,울산광역시,렌터카,2423.0,0.0
201807,울산광역시,면세점,1317.0,0.0
201807,울산광역시,관광기념품,1853.0,0.0
201807,울산광역시,레저용품쇼핑,8930.0,0.0
201807,울산광역시,대형쇼핑몰,301088.0,0.0
201807,울산광역시,골프장,5939.0,0.0
201807,울산광역시,문화서비스,132.0,0.0
201807,울산광역시,식음료,218255.0,0.0
201807,세종특별자치시,총소비,56014.0,0.0
201807,세종특별자치시,캠핑장/펜션,132.0,0.0
201807,세종특별자치시,기타숙박,1963.0,0.0
201807,세종특별자치시,레저용품쇼핑,910.0,0.0
201807,세종특별자치시,대형쇼핑몰,22369.0,0.0
201807,세종특별자치시,골프장,1775.0,0.0
201807,세종특별자치시,문화서비스,46.0,0.0
201807,세종특별자치시,식음료,28818.0,0.0
201807,경기도,총소비,25560766.0,0.0
201807,경기도,콘도,13399.0,0.0
201807,경기도,호텔,3732056.0,0.0
201807,경기도,캠핑장/펜션,84.0,0.0
201807,경기도,기타숙박,5857425.0,0.0
201807,경기도,여행업,63936.0,0.0
201807,경기도,렌터카,125979.0,0.0
201807,경기도,면세점,3616.0,0.0
201807,경기도,관광기념품,90200.0,0.0
201807,경기도,레저용품쇼핑,430314.0,0.0
201807,경기도,대형쇼핑몰,7512091.0,0.0
201807,경기도,관광유원시설,52819.0,0.0
201807,경기도,골프장,353944.0,0.0
201807,경기도,기타레저,1811.0,0.0
201807,경기도,문화서비스,427152.0,0.0
201807,경기도,식음료,6880061.0,0.0
201807,경기도,육상운송,12046.0,0.0
201807,경기도,수상운송,3833.0,0.0
201807,강원도,총소비,1101975.0,0.0
201807,강원도,호텔,126016.0,0.0
201807,강원도,콘도,152794.0,0.0
201807,강원도,캠핑장/펜션,9673.0,0.0
201807,강원도,기타숙박,169152.0,0.0
201807,강원도,여행업,22254.0,0.0
201807,강원도,렌터카,9787.0,0.0
201807,강원도,면세점,3039.0,0.0
201807,강원도,관광기념품,9015.0,0.0
201807,강원도,레저용품쇼핑,17515.0,0.0
201807,강원도,대형쇼핑몰,161560.0,0.0
201807,강원도,관광유원시설,431.0,0.0
201807,강원도,골프장,38563.0,0.0
201807,강원도,기타레저,9935.0,0.0
201807,강원도,문화서비스,2627.0,0.0
201807,강원도,식음료,369269.0,0.0
201807,강원도,육상운송,61.0,0.0
201807,강원도,수상운송,282.0,0.0
201807,충청북도,총소비,1155804.0,0.0
201807,충청북도,호텔,109117.0,0.0
201807,충청북도,캠핑장/펜션,7.0,0.0
201807,충청북도,기타숙박,508017.0,0.0
201807,충청북도,여행업,1929.0,0.0
201807,충청북도,렌터카,967.0,0.0
201807,충청북도,면세점,11798.0,0.0
201807,충청북도,관광기념품,30.0,0.0
201807,충청북도,레저용품쇼핑,16567.0,0.0
201807,충청북도,대형쇼핑몰,242075.0,0.0
201807,충청북도,관광유원시설,261.0,0.0
201807,충청북도,골프장,35023.0,0.0
201807,충청북도,기타레저,199.0,0.0
201807,충청북도,문화서비스,190.0,0.0
201807,충청북도,식음료,226931.0,0.0
201807,충청북도,육상운송,2673.0,0.0
201807,충청북도,수상운송,20.0,0.0
201807,충청남도,총소비,1560009.0,0.0
201807,충청남도,호텔,576794.0,0.0
201807,충청남도,콘도,3556.0,0.0
201807,충청남도,캠핑장/펜션,675.0,0.0
201807,충청남도,기타숙박,254537.0,0.0
201807,충청남도,여행업,4.0,0.0
201807,충청남도,항공운송,653.0,0.0
201807,충청남도,렌터카,1859.0,0.0
201807,충청남도,관광기념품,1146.0,0.0
201807,충청남도,레저용품쇼핑,18531.0,0.0
201807,충청남도,대형쇼핑몰,281698.0,0.0
201807,충청남도,관광유원시설,1818.0,0.0
201807,충청남도,골프장,10441.0,0.0
201807,충청남도,기타레저,29.0,0.0
201807,충청남도,문화서비스,915.0,0.0
201807,충청남도,식음료,407292.0,0.0
201807,충청남도,수상운송,63.0,0.0
201807,전라북도,총소비,949469.0,0.0
201807,전라북도,호텔,53452.0,0.0
201807,전라북도,콘도,4557.0,0.0
201807,전라북도,캠핑장/펜션,104.0,0.0
201807,전라북도,기타숙박,220200.0,0.0
201807,전라북도,여행업,130.0,0.0
201807,전라북도,항공운송,11543.0,0.0
201807,전라북도,렌터카,3712.0,0.0
201807,전라북도,관광기념품,3358.0,0.0
201807,전라북도,레저용품쇼핑,27821.0,0.0
201807,전라북도,대형쇼핑몰,351107.0,0.0
201807,전라북도,관광유원시설,430.0,0.0
201807,전라북도,골프장,5900.0,0.0
201807,전라북도,문화서비스,1393.0,0.0
201807,전라북도,식음료,265715.0,0.0
201807,전라북도,수상운송,48.0,0.0
201807,전라남도,총소비,762903.0,0.0
201807,전라남도,호텔,150846.0,0.0
201807,전라남도,콘도,306.0,0.0
201807,전라남도,캠핑장/펜션,827.0,0.0
201807,전라남도,기타숙박,92084.0,0.0
201807,전라남도,여행업,826.0,0.0
201807,전라남도,렌터카,1434.0,0.0
201807,전라남도,관광기념품,1465.0,0.0
201807,전라남도,레저용품쇼핑,29298.0,0.0
201807,전라남도,대형쇼핑몰,228650.0,0.0
201807,전라남도,관광유원시설,11147.0,0.0
201807,전라남도,골프장,13856.0,0.0
201807,전라남도,기타레저,21.0,0.0
201807,전라남도,문화서비스,1235.0,0.0
201807,전라남도,식음료,230688.0,0.0
201807,전라남도,수상운송,221.0,0.0
201807,경상북도,총소비,1702255.0,0.0
201807,경상북도,호텔,528730.0,0.0
201807,경상북도,콘도,18682.0,0.0
201807,경상북도,캠핑장/펜션,3104.0,0.0
201807,경상북도,기타숙박,307509.0,0.0
201807,경상북도,여행업,1714.0,0.0
201807,경상북도,렌터카,6951.0,0.0
201807,경상북도,관광기념품,2423.0,0.0
201807,경상북도,레저용품쇼핑,23028.0,0.0
201807,경상북도,대형쇼핑몰,241199.0,0.0
201807,경상북도,관광유원시설,2591.0,0.0
201807,경상북도,골프장,9781.0,0.0
201807,경상북도,기타레저,20368.0,0.0
201807,경상북도,문화서비스,1827.0,0.0
201807,경상북도,식음료,532699.0,0.0
201807,경상북도,육상운송,1511.0,0.0
201807,경상북도,수상운송,140.0,0.0
201807,경상남도,총소비,3222507.0,0.0
201807,경상남도,콘도,21187.0,0.0
201807,경상남도,호텔,748247.0,0.0
201807,경상남도,캠핑장/펜션,2318.0,0.0
201807,경상남도,기타숙박,516787.0,0.0
201807,경상남도,렌터카,9731.0,0.0
201807,경상남도,관광기념품,3598.0,0.0
201807,경상남도,레저용품쇼핑,35536.0,0.0
201807,경상남도,대형쇼핑몰,907883.0,0.0
201807,경상남도,관광유원시설,50068.0,0.0
201807,경상남도,골프장,40517.0,0.0
201807,경상남도,기타레저,32.0,0.0
201807,경상남도,문화서비스,1593.0,0.0
201807,경상남도,식음료,885012.0,0.0
201807,제주특별자치도,총소비,19130087.0,0.0
201807,제주특별자치도,호텔,2588537.0,0.0
201807,제주특별자치도,콘도,4584694.0,0.0
201807,제주특별자치도,캠핑장/펜션,57460.0,0.0
201807,제주특별자치도,기타숙박,2280275.0,0.0
201807,제주특별자치도,여행업,55951.0,0.0
201807,제주특별자치도,항공운송,103080.0,0.0
201807,제주특별자치도,렌터카,228982.0,0.0
201807,제주특별자치도,면세점,3467748.0,0.0
201807,제주특별자치도,관광기념품,583617.0,0.0
201807,제주특별자치도,레저용품쇼핑,487467.0,0.0
201807,제주특별자치도,대형쇼핑몰,699255.0,0.0
201807,제주특별자치도,관광유원시설,80538.0,0.0
201807,제주특별자치도,골프장,288635.0,0.0
201807,제주특별자치도,기타레저,20.0,0.0
201807,제주특별자치도,문화서비스,170405.0,0.0
201807,제주특별자치도,식음료,3398144.0,0.0
201807,제주특별자치도,육상운송,10710.0,0.0
201807,제주특별자치도,수상운송,44570.0,0.0
201808,서울특별시,카지노,24822336.0,0.0
201808,서울특별시,총소비,241545629.0,0.0
201808,서울특별시,호텔,51853920.0,0.0
201808,서울특별시,콘도,84453.0,0.0
201808,서울특별시,기타숙박,8493360.0,0.0
201808,서울특별시,여행업,707731.0,0.0
201808,서울특별시,항공운송,1384237.0,0.0
201808,서울특별시,렌터카,113895.0,0.0
201808,서울특별시,면세점,33934267.0,0.0
201808,서울특별시,관광기념품,5534136.0,0.0
201808,서울특별시,레저용품쇼핑,4318390.0,0.0
201808,서울특별시,대형쇼핑몰,77306862.0,0.0
201808,서울특별시,관광유원시설,202671.0,0.0
201808,서울특별시,골프장,29717.0,0.0
201808,서울특별시,기타레저,349.0,0.0
201808,서울특별시,문화서비스,499093.0,0.0
201808,서울특별시,식음료,31635793.0,0.0
201808,서울특별시,육상운송,602078.0,0.0
201808,서울특별시,수상운송,22341.0,0.0
201808,부산광역시,카지노,9681219.0,0.0
201808,부산광역시,총소비,30824848.0,0.0
201808,부산광역시,호텔,3352343.0,0.0
201808,부산광역시,콘도,5512.0,0.0
201808,부산광역시,기타숙박,1639846.0,0.0
201808,부산광역시,여행업,6865.0,0.0
201808,부산광역시,항공운송,46378.0,0.0
201808,부산광역시,렌터카,11214.0,0.0
201808,부산광역시,면세점,3735749.0,0.0
201808,부산광역시,관광기념품,110239.0,0.0
201808,부산광역시,레저용품쇼핑,257564.0,0.0
201808,부산광역시,대형쇼핑몰,9021717.0,0.0
201808,부산광역시,관광유원시설,123041.0,0.0
201808,부산광역시,골프장,12144.0,0.0
201808,부산광역시,기타레저,118.0,0.0
201808,부산광역시,문화서비스,4024.0,0.0
201808,부산광역시,식음료,2786533.0,0.0
201808,부산광역시,육상운송,14535.0,0.0
201808,부산광역시,수상운송,15808.0,0.0
201808,대구광역시,총소비,3041890.0,0.0
201808,대구광역시,호텔,1388777.0,0.0
201808,대구광역시,기타숙박,218537.0,0.0
201808,대구광역시,여행업,1550.0,0.0
201808,대구광역시,렌터카,4435.0,0.0
201808,대구광역시,관광기념품,1120.0,0.0
201808,대구광역시,레저용품쇼핑,45640.0,0.0
201808,대구광역시,대형쇼핑몰,837071.0,0.0
201808,대구광역시,관광유원시설,7165.0,0.0
201808,대구광역시,골프장,582.0,0.0
201808,대구광역시,기타레저,586.0,0.0
201808,대구광역시,문화서비스,1675.0,0.0
201808,대구광역시,식음료,534753.0,0.0
201808,인천광역시,총소비,39832637.0,0.0
201808,인천광역시,호텔,13993963.0,0.0
201808,인천광역시,캠핑장/펜션,267.0,0.0
201808,인천광역시,기타숙박,657631.0,0.0
201808,인천광역시,여행업,485.0,0.0
201808,인천광역시,항공운송,2902.0,0.0
201808,인천광역시,렌터카,181609.0,0.0
201808,인천광역시,면세점,18559991.0,0.0
201808,인천광역시,관광기념품,147242.0,0.0
201808,인천광역시,레저용품쇼핑,53145.0,0.0
201808,인천광역시,대형쇼핑몰,2077335.0,0.0
201808,인천광역시,관광유원시설,246.0,0.0
201808,인천광역시,골프장,79923.0,0.0
201808,인천광역시,문화서비스,1700.0,0.0
201808,인천광역시,식음료,4076033.0,0.0
201808,인천광역시,수상운송,166.0,0.0
201808,광주광역시,총소비,987416.0,0.0
201808,광주광역시,호텔,11248.0,0.0
201808,광주광역시,기타숙박,462307.0,0.0
201808,광주광역시,관광기념품,55.0,0.0
201808,광주광역시,레저용품쇼핑,15342.0,0.0
201808,광주광역시,대형쇼핑몰,319750.0,0.0
201808,광주광역시,관광유원시설,154.0,0.0
201808,광주광역시,골프장,374.0,0.0
201808,광주광역시,문화서비스,28894.0,0.0
201808,광주광역시,식음료,149265.0,0.0
201808,광주광역시,육상운송,28.0,0.0
201808,대전광역시,총소비,2577507.0,0.0
201808,대전광역시,호텔,403084.0,0.0
201808,대전광역시,기타숙박,100151.0,0.0
201808,대전광역시,여행업,9.0,0.0
201808,대전광역시,렌터카,3596.0,0.0
201808,대전광역시,관광기념품,651.0,0.0
201808,대전광역시,레저용품쇼핑,15762.0,0.0
201808,대전광역시,대형쇼핑몰,568496.0,0.0
201808,대전광역시,관광유원시설,737.0,0.0
201808,대전광역시,골프장,5217.0,0.0
201808,대전광역시,문화서비스,769.0,0.0
201808,대전광역시,식음료,281366.0,0.0
201808,대전광역시,육상운송,1197668.0,0.0
201808,울산광역시,총소비,898527.0,0.0
201808,울산광역시,호텔,362531.0,0.0
201808,울산광역시,기타숙박,74744.0,0.0
201808,울산광역시,여행업,1021.0,0.0
201808,울산광역시,렌터카,429.0,0.0
201808,울산광역시,관광기념품,1616.0,0.0
201808,울산광역시,레저용품쇼핑,3444.0,0.0
201808,울산광역시,대형쇼핑몰,272911.0,0.0
201808,울산광역시,골프장,3275.0,0.0
201808,울산광역시,문화서비스,414.0,0.0
201808,울산광역시,식음료,178143.0,0.0
201808,세종특별자치시,총소비,70156.0,0.0
201808,세종특별자치시,기타숙박,6621.0,0.0
201808,세종특별자치시,레저용품쇼핑,163.0,0.0
201808,세종특별자치시,대형쇼핑몰,33647.0,0.0
201808,세종특별자치시,골프장,2159.0,0.0
201808,세종특별자치시,문화서비스,54.0,0.0
201808,세종특별자치시,식음료,27512.0,0.0
201808,경기도,총소비,25061719.0,0.0
201808,경기도,호텔,3108555.0,0.0
201808,경기도,콘도,21149.0,0.0
201808,경기도,캠핑장/펜션,942.0,0.0
201808,경기도,기타숙박,6241305.0,0.0
201808,경기도,여행업,66974.0,0.0
201808,경기도,렌터카,106712.0,0.0
201808,경기도,면세점,145.0,0.0
201808,경기도,관광기념품,83300.0,0.0
201808,경기도,레저용품쇼핑,392998.0,0.0
201808,경기도,대형쇼핑몰,7707966.0,0.0
201808,경기도,관광유원시설,39937.0,0.0
201808,경기도,골프장,274653.0,0.0
201808,경기도,기타레저,1255.0,0.0
201808,경기도,문화서비스,354929.0,0.0
201808,경기도,식음료,6631354.0,0.0
201808,경기도,육상운송,25708.0,0.0
201808,경기도,수상운송,3419.0,0.0
201808,경기도,스키장,420.0,0.0
201808,강원도,총소비,1255223.0,0.0
201808,강원도,호텔,173332.0,0.0
201808,강원도,콘도,157217.0,0.0
201808,강원도,캠핑장/펜션,5157.0,0.0
201808,강원도,기타숙박,265519.0,0.0
201808,강원도,여행업,43128.0,0.0
201808,강원도,렌터카,2755.0,0.0
201808,강원도,면세점,10.0,0.0
201808,강원도,관광기념품,9551.0,0.0
201808,강원도,레저용품쇼핑,19503.0,0.0
201808,강원도,대형쇼핑몰,137817.0,0.0
201808,강원도,관광유원시설,1089.0,0.0
201808,강원도,골프장,71830.0,0.0
201808,강원도,기타레저,1890.0,0.0
201808,강원도,문화서비스,2891.0,0.0
201808,강원도,식음료,363070.0,0.0
201808,강원도,육상운송,367.0,0.0
201808,강원도,수상운송,98.0,0.0
201808,충청북도,총소비,1016728.0,0.0
201808,충청북도,호텔,73862.0,0.0
201808,충청북도,콘도,5.0,0.0
201808,충청북도,캠핑장/펜션,6.0,0.0
201808,충청북도,기타숙박,495805.0,0.0
201808,충청북도,렌터카,1070.0,0.0
201808,충청북도,면세점,7953.0,0.0
201808,충청북도,레저용품쇼핑,13929.0,0.0
201808,충청북도,대형쇼핑몰,188973.0,0.0
201808,충청북도,관광유원시설,148.0,0.0
201808,충청북도,골프장,9278.0,0.0
201808,충청북도,기타레저,143.0,0.0
201808,충청북도,문화서비스,406.0,0.0
201808,충청북도,식음료,224652.0,0.0
201808,충청북도,육상운송,500.0,0.0
201808,충청남도,총소비,1473073.0,0.0
201808,충청남도,호텔,538379.0,0.0
201808,충청남도,콘도,4756.0,0.0
201808,충청남도,캠핑장/펜션,2680.0,0.0
201808,충청남도,기타숙박,206700.0,0.0
201808,충청남도,여행업,138.0,0.0
201808,충청남도,항공운송,752.0,0.0
201808,충청남도,렌터카,2090.0,0.0
201808,충청남도,관광기념품,253.0,0.0
201808,충청남도,레저용품쇼핑,13453.0,0.0
201808,충청남도,대형쇼핑몰,323421.0,0.0
201808,충청남도,관광유원시설,830.0,0.0
201808,충청남도,골프장,8598.0,0.0
201808,충청남도,기타레저,15.0,0.0
201808,충청남도,문화서비스,345.0,0.0
201808,충청남도,식음료,370492.0,0.0
201808,충청남도,수상운송,172.0,0.0
201808,전라북도,총소비,826261.0,0.0
201808,전라북도,호텔,50822.0,0.0
201808,전라북도,콘도,2587.0,0.0
201808,전라북도,캠핑장/펜션,1968.0,0.0
201808,전라북도,기타숙박,174304.0,0.0
201808,전라북도,항공운송,30312.0,0.0
201808,전라북도,관광기념품,3115.0,0.0
201808,전라북도,레저용품쇼핑,15163.0,0.0
201808,전라북도,대형쇼핑몰,303407.0,0.0
201808,전라북도,관광유원시설,92.0,0.0
201808,전라북도,골프장,6990.0,0.0
201808,전라북도,문화서비스,859.0,0.0
201808,전라북도,식음료,236642.0,0.0
201808,전라남도,총소비,592641.0,0.0
201808,전라남도,호텔,102670.0,0.0
201808,전라남도,콘도,70.0,0.0
201808,전라남도,캠핑장/펜션,1239.0,0.0
201808,전라남도,기타숙박,108930.0,0.0
201808,전라남도,여행업,10.0,0.0
201808,전라남도,렌터카,1670.0,0.0
201808,전라남도,관광기념품,636.0,0.0
201808,전라남도,레저용품쇼핑,14145.0,0.0
201808,전라남도,대형쇼핑몰,125453.0,0.0
201808,전라남도,관광유원시설,6908.0,0.0
201808,전라남도,골프장,8183.0,0.0
201808,전라남도,문화서비스,981.0,0.0
201808,전라남도,식음료,221704.0,0.0
201808,전라남도,수상운송,41.0,0.0
201808,경상북도,총소비,1654698.0,0.0
201808,경상북도,호텔,513805.0,0.0
201808,경상북도,콘도,11375.0,0.0
201808,경상북도,캠핑장/펜션,1941.0,0.0
201808,경상북도,기타숙박,330425.0,0.0
201808,경상북도,여행업,1680.0,0.0
201808,경상북도,렌터카,3501.0,0.0
201808,경상북도,관광기념품,3977.0,0.0
201808,경상북도,레저용품쇼핑,19366.0,0.0
201808,경상북도,대형쇼핑몰,210709.0,0.0
201808,경상북도,관광유원시설,1621.0,0.0
201808,경상북도,골프장,9445.0,0.0
201808,경상북도,기타레저,20954.0,0.0
201808,경상북도,문화서비스,2782.0,0.0
201808,경상북도,식음료,522670.0,0.0
201808,경상북도,육상운송,326.0,0.0
201808,경상북도,수상운송,123.0,0.0
201808,경상남도,총소비,2985190.0,0.0
201808,경상남도,호텔,575295.0,0.0
201808,경상남도,콘도,5044.0,0.0
201808,경상남도,캠핑장/펜션,1708.0,0.0
201808,경상남도,기타숙박,354653.0,0.0
201808,경상남도,여행업,275.0,0.0
201808,경상남도,렌터카,5382.0,0.0
201808,경상남도,관광기념품,4713.0,0.0
201808,경상남도,레저용품쇼핑,38085.0,0.0
201808,경상남도,대형쇼핑몰,1013295.0,0.0
201808,경상남도,관광유원시설,47563.0,0.0
201808,경상남도,골프장,35053.0,0.0
201808,경상남도,기타레저,52.0,0.0
201808,경상남도,문화서비스,1696.0,0.0
201808,경상남도,식음료,902376.0,0.0
201808,제주특별자치도,총소비,26600987.0,0.0
201808,제주특별자치도,호텔,3533162.0,0.0
201808,제주특별자치도,콘도,9333886.0,0.0
201808,제주특별자치도,캠핑장/펜션,53322.0,0.0
201808,제주특별자치도,기타숙박,2678237.0,0.0
201808,제주특별자치도,여행업,178287.0,0.0
201808,제주특별자치도,항공운송,207740.0,0.0
201808,제주특별자치도,렌터카,207676.0,0.0
201808,제주특별자치도,면세점,3839881.0,0.0
201808,제주특별자치도,관광기념품,645279.0,0.0
201808,제주특별자치도,레저용품쇼핑,461896.0,0.0
201808,제주특별자치도,대형쇼핑몰,914497.0,0.0
201808,제주특별자치도,관광유원시설,101954.0,0.0
201808,제주특별자치도,골프장,308574.0,0.0
201808,제주특별자치도,기타레저,899.0,0.0
201808,제주특별자치도,문화서비스,183875.0,0.0
201808,제주특별자치도,식음료,3903796.0,0.0
201808,제주특별자치도,육상운송,15618.0,0.0
201808,제주특별자치도,수상운송,32409.0,0.0
201809,서울특별시,카지노,22706206.0,0.0
201809,서울특별시,총소비,264243152.0,0.0
201809,서울특별시,호텔,57248807.0,0.0
201809,서울특별시,콘도,49002.0,0.0
201809,서울특별시,기타숙박,8978724.0,0.0
201809,서울특별시,여행업,577989.0,0.0
201809,서울특별시,항공운송,1549475.0,0.0
201809,서울특별시,렌터카,74625.0,0.0
201809,서울특별시,면세점,34758122.0,0.0
201809,서울특별시,관광기념품,5513361.0,0.0
201809,서울특별시,레저용품쇼핑,5108594.0,0.0
201809,서울특별시,대형쇼핑몰,90657915.0,0.0
201809,서울특별시,관광유원시설,204433.0,0.0
201809,서울특별시,골프장,23877.0,0.0
201809,서울특별시,기타레저,233.0,0.0
201809,서울특별시,문화서비스,312433.0,0.0
201809,서울특별시,식음료,35805066.0,0.0
201809,서울특별시,육상운송,649166.0,0.0
201809,서울특별시,수상운송,25125.0,0.0
201809,부산광역시,카지노,8495182.0,0.0
201809,부산광역시,총소비,29415396.0,0.0
201809,부산광역시,호텔,3267681.0,0.0
201809,부산광역시,콘도,3462.0,0.0
201809,부산광역시,캠핑장/펜션,174.0,0.0
201809,부산광역시,기타숙박,1449118.0,0.0
201809,부산광역시,여행업,7421.0,0.0
201809,부산광역시,항공운송,60279.0,0.0
201809,부산광역시,렌터카,13530.0,0.0
201809,부산광역시,면세점,3742530.0,0.0
201809,부산광역시,관광기념품,21796.0,0.0
201809,부산광역시,레저용품쇼핑,272198.0,0.0
201809,부산광역시,대형쇼핑몰,9076723.0,0.0
201809,부산광역시,관광유원시설,87912.0,0.0
201809,부산광역시,골프장,52483.0,0.0
201809,부산광역시,기타레저,515.0,0.0
201809,부산광역시,문화서비스,2779.0,0.0
201809,부산광역시,식음료,2833765.0,0.0
201809,부산광역시,육상운송,6442.0,0.0
201809,부산광역시,수상운송,21406.0,0.0
201809,대구광역시,총소비,2634494.0,0.0
201809,대구광역시,호텔,884143.0,0.0
201809,대구광역시,기타숙박,211469.0,0.0
201809,대구광역시,여행업,9307.0,0.0
201809,대구광역시,렌터카,6703.0,0.0
201809,대구광역시,관광기념품,692.0,0.0
201809,대구광역시,레저용품쇼핑,60411.0,0.0
201809,대구광역시,대형쇼핑몰,825328.0,0.0
201809,대구광역시,관광유원시설,6470.0,0.0
201809,대구광역시,골프장,1515.0,0.0
201809,대구광역시,문화서비스,1389.0,0.0
201809,대구광역시,식음료,627067.0,0.0
201809,인천광역시,총소비,41094549.0,0.0
201809,인천광역시,호텔,13772353.0,0.0
201809,인천광역시,캠핑장/펜션,286.0,0.0
201809,인천광역시,기타숙박,851509.0,0.0
201809,인천광역시,여행업,1488.0,0.0
201809,인천광역시,항공운송,7286.0,0.0
201809,인천광역시,렌터카,254821.0,0.0
201809,인천광역시,면세점,19420587.0,0.0
201809,인천광역시,관광기념품,138190.0,0.0
201809,인천광역시,레저용품쇼핑,76676.0,0.0
201809,인천광역시,대형쇼핑몰,2331954.0,0.0
201809,인천광역시,관광유원시설,307.0,0.0
201809,인천광역시,골프장,127112.0,0.0
201809,인천광역시,기타레저,75.0,0.0
201809,인천광역시,문화서비스,1364.0,0.0
201809,인천광역시,식음료,4110279.0,0.0
201809,인천광역시,수상운송,258.0,0.0
201809,광주광역시,총소비,1076756.0,0.0
201809,광주광역시,호텔,10840.0,0.0
201809,광주광역시,기타숙박,415120.0,0.0
201809,광주광역시,관광기념품,73.0,0.0
201809,광주광역시,레저용품쇼핑,38617.0,0.0
201809,광주광역시,대형쇼핑몰,367422.0,0.0
201809,광주광역시,관광유원시설,36.0,0.0
201809,광주광역시,골프장,1689.0,0.0
201809,광주광역시,문화서비스,22408.0,0.0
201809,광주광역시,식음료,220551.0,0.0
201809,대전광역시,총소비,2473019.0,0.0
201809,대전광역시,호텔,391753.0,0.0
201809,대전광역시,기타숙박,120716.0,0.0
201809,대전광역시,여행업,2050.0,0.0
201809,대전광역시,렌터카,3478.0,0.0
201809,대전광역시,관광기념품,180.0,0.0
201809,대전광역시,레저용품쇼핑,40257.0,0.0
201809,대전광역시,대형쇼핑몰,453746.0,0.0
201809,대전광역시,관광유원시설,1264.0,0.0
201809,대전광역시,골프장,33662.0,0.0
201809,대전광역시,문화서비스,396.0,0.0
201809,대전광역시,식음료,321936.0,0.0
201809,대전광역시,육상운송,1103578.0,0.0
201809,울산광역시,총소비,1050182.0,0.0
201809,울산광역시,호텔,439257.0,0.0
201809,울산광역시,기타숙박,117153.0,0.0
201809,울산광역시,여행업,1045.0,0.0
201809,울산광역시,렌터카,120.0,0.0
201809,울산광역시,면세점,1359.0,0.0
201809,울산광역시,관광기념품,1093.0,0.0
201809,울산광역시,레저용품쇼핑,7644.0,0.0
201809,울산광역시,대형쇼핑몰,285069.0,0.0
201809,울산광역시,골프장,712.0,0.0
201809,울산광역시,문화서비스,552.0,0.0
201809,울산광역시,식음료,196177.0,0.0
201809,세종특별자치시,총소비,63854.0,0.0
201809,세종특별자치시,기타숙박,285.0,0.0
201809,세종특별자치시,레저용품쇼핑,353.0,0.0
201809,세종특별자치시,대형쇼핑몰,28302.0,0.0
201809,세종특별자치시,골프장,3269.0,0.0
201809,세종특별자치시,문화서비스,97.0,0.0
201809,세종특별자치시,식음료,31548.0,0.0
201809,경기도,총소비,26792069.0,0.0
201809,경기도,콘도,6134.0,0.0
201809,경기도,호텔,3591707.0,0.0
201809,경기도,캠핑장/펜션,386.0,0.0
201809,경기도,기타숙박,5935632.0,0.0
201809,경기도,여행업,85679.0,0.0
201809,경기도,렌터카,120058.0,0.0
201809,경기도,면세점,3022.0,0.0
201809,경기도,관광기념품,105641.0,0.0
201809,경기도,레저용품쇼핑,517827.0,0.0
201809,경기도,대형쇼핑몰,8354480.0,0.0
201809,경기도,관광유원시설,46236.0,0.0
201809,경기도,골프장,460936.0,0.0
201809,경기도,기타레저,1387.0,0.0
201809,경기도,문화서비스,234713.0,0.0
201809,경기도,식음료,7295323.0,0.0
201809,경기도,육상운송,28228.0,0.0
201809,경기도,수상운송,4681.0,0.0
201809,강원도,총소비,1142462.0,0.0
201809,강원도,호텔,199442.0,0.0
201809,강원도,콘도,103519.0,0.0
201809,강원도,캠핑장/펜션,8643.0,0.0
201809,강원도,기타숙박,186323.0,0.0
201809,강원도,여행업,10073.0,0.0
201809,강원도,렌터카,7651.0,0.0
201809,강원도,면세점,774.0,0.0
201809,강원도,관광기념품,12565.0,0.0
201809,강원도,레저용품쇼핑,38106.0,0.0
201809,강원도,대형쇼핑몰,152834.0,0.0
201809,강원도,관광유원시설,691.0,0.0
201809,강원도,골프장,57099.0,0.0
201809,강원도,기타레저,2835.0,0.0
201809,강원도,문화서비스,3827.0,0.0
201809,강원도,식음료,357853.0,0.0
201809,강원도,육상운송,73.0,0.0
201809,강원도,수상운송,155.0,0.0
201809,충청북도,총소비,1674867.0,0.0
201809,충청북도,호텔,135981.0,0.0
201809,충청북도,콘도,181.0,0.0
201809,충청북도,캠핑장/펜션,136.0,0.0
201809,충청북도,기타숙박,901559.0,0.0
201809,충청북도,렌터카,5453.0,0.0
201809,충청북도,면세점,2186.0,0.0
201809,충청북도,관광기념품,125.0,0.0
201809,충청북도,레저용품쇼핑,26469.0,0.0
201809,충청북도,대형쇼핑몰,271723.0,0.0
201809,충청북도,관광유원시설,311.0,0.0
201809,충청북도,골프장,22343.0,0.0
201809,충청북도,기타레저,998.0,0.0
201809,충청북도,문화서비스,264.0,0.0
201809,충청북도,식음료,300223.0,0.0
201809,충청북도,육상운송,6836.0,0.0
201809,충청북도,수상운송,81.0,0.0
201809,충청남도,총소비,1739809.0,0.0
201809,충청남도,호텔,570178.0,0.0
201809,충청남도,콘도,5033.0,0.0
201809,충청남도,캠핑장/펜션,996.0,0.0
201809,충청남도,기타숙박,336615.0,0.0
201809,충청남도,여행업,668.0,0.0
201809,충청남도,항공운송,105.0,0.0
201809,충청남도,렌터카,14514.0,0.0
201809,충청남도,관광기념품,824.0,0.0
201809,충청남도,레저용품쇼핑,35062.0,0.0
201809,충청남도,대형쇼핑몰,339480.0,0.0
201809,충청남도,관광유원시설,891.0,0.0
201809,충청남도,골프장,13671.0,0.0
201809,충청남도,기타레저,31.0,0.0
201809,충청남도,문화서비스,383.0,0.0
201809,충청남도,식음료,421252.0,0.0
201809,충청남도,수상운송,106.0,0.0
201809,전라북도,총소비,1174960.0,0.0
201809,전라북도,호텔,85529.0,0.0
201809,전라북도,콘도,21608.0,0.0
201809,전라북도,캠핑장/펜션,30.0,0.0
201809,전라북도,기타숙박,179532.0,0.0
201809,전라북도,여행업,440.0,0.0
201809,전라북도,항공운송,68412.0,0.0
201809,전라북도,렌터카,2662.0,0.0
201809,전라북도,관광기념품,3017.0,0.0
201809,전라북도,레저용품쇼핑,41506.0,0.0
201809,전라북도,대형쇼핑몰,414472.0,0.0
201809,전라북도,관광유원시설,114.0,0.0
201809,전라북도,골프장,16525.0,0.0
201809,전라북도,문화서비스,1242.0,0.0
201809,전라북도,식음료,339307.0,0.0
201809,전라북도,수상운송,564.0,0.0
201809,전라남도,총소비,769340.0,0.0
201809,전라남도,호텔,180148.0,0.0
201809,전라남도,콘도,16343.0,0.0
201809,전라남도,캠핑장/펜션,1920.0,0.0
201809,전라남도,기타숙박,175741.0,0.0
201809,전라남도,여행업,286.0,0.0
201809,전라남도,렌터카,1254.0,0.0
201809,전라남도,관광기념품,859.0,0.0
201809,전라남도,레저용품쇼핑,13043.0,0.0
201809,전라남도,대형쇼핑몰,129730.0,0.0
201809,전라남도,관광유원시설,5045.0,0.0
201809,전라남도,골프장,13581.0,0.0
201809,전라남도,기타레저,6.0,0.0
201809,전라남도,문화서비스,1233.0,0.0
201809,전라남도,식음료,229890.0,0.0
201809,전라남도,수상운송,261.0,0.0
201809,경상북도,총소비,1668403.0,0.0
201809,경상북도,호텔,475396.0,0.0
201809,경상북도,콘도,13228.0,0.0
201809,경상북도,캠핑장/펜션,972.0,0.0
201809,경상북도,기타숙박,325993.0,0.0
201809,경상북도,여행업,735.0,0.0
201809,경상북도,렌터카,920.0,0.0
201809,경상북도,관광기념품,6556.0,0.0
201809,경상북도,레저용품쇼핑,37113.0,0.0
201809,경상북도,대형쇼핑몰,230033.0,0.0
201809,경상북도,관광유원시설,2411.0,0.0
201809,경상북도,골프장,23992.0,0.0
201809,경상북도,기타레저,12143.0,0.0
201809,경상북도,문화서비스,1854.0,0.0
201809,경상북도,식음료,536040.0,0.0
201809,경상북도,육상운송,902.0,0.0
201809,경상북도,수상운송,115.0,0.0
201809,경상남도,총소비,3844479.0,0.0
201809,경상남도,호텔,843564.0,0.0
201809,경상남도,콘도,14708.0,0.0
201809,경상남도,캠핑장/펜션,465.0,0.0
201809,경상남도,기타숙박,428934.0,0.0
201809,경상남도,렌터카,12071.0,0.0
201809,경상남도,면세점,942.0,0.0
201809,경상남도,관광기념품,2474.0,0.0
201809,경상남도,레저용품쇼핑,44047.0,0.0
201809,경상남도,대형쇼핑몰,1177693.0,0.0
201809,경상남도,관광유원시설,9144.0,0.0
201809,경상남도,골프장,65861.0,0.0
201809,경상남도,기타레저,78.0,0.0
201809,경상남도,문화서비스,6751.0,0.0
201809,경상남도,식음료,1237695.0,0.0
201809,경상남도,수상운송,50.0,0.0
201809,제주특별자치도,총소비,22325092.0,0.0
201809,제주특별자치도,호텔,1940399.0,0.0
201809,제주특별자치도,콘도,7374581.0,0.0
201809,제주특별자치도,캠핑장/펜션,44375.0,0.0
201809,제주특별자치도,기타숙박,1940895.0,0.0
201809,제주특별자치도,여행업,29872.0,0.0
201809,제주특별자치도,항공운송,332902.0,0.0
201809,제주특별자치도,렌터카,177803.0,0.0
201809,제주특별자치도,면세점,5086392.0,0.0
201809,제주특별자치도,관광기념품,605593.0,0.0
201809,제주특별자치도,레저용품쇼핑,449964.0,0.0
201809,제주특별자치도,대형쇼핑몰,668264.0,0.0
201809,제주특별자치도,관광유원시설,35838.0,0.0
201809,제주특별자치도,골프장,273227.0,0.0
201809,제주특별자치도,문화서비스,157382.0,0.0
201809,제주특별자치도,식음료,3185526.0,0.0
201809,제주특별자치도,육상운송,574.0,0.0
201809,제주특별자치도,수상운송,21505.0,0.0
201810,서울특별시,카지노,20782244.0,0.0
201810,서울특별시,총소비,289895010.0,0.0
201810,서울특별시,호텔,73439232.0,0.0
201810,서울특별시,콘도,76370.0,0.0
201810,서울특별시,기타숙박,12035547.0,0.0
201810,서울특별시,여행업,1375826.0,0.0
201810,서울특별시,항공운송,1377219.0,0.0
201810,서울특별시,렌터카,125240.0,0.0
201810,서울특별시,면세점,35109848.0,0.0
201810,서울특별시,관광기념품,8122863.0,0.0
201810,서울특별시,레저용품쇼핑,5538702.0,0.0
201810,서울특별시,대형쇼핑몰,90876776.0,0.0
201810,서울특별시,관광유원시설,169106.0,0.0
201810,서울특별시,골프장,25316.0,0.0
201810,서울특별시,기타레저,28.0,0.0
201810,서울특별시,문화서비스,366439.0,0.0
201810,서울특별시,식음료,39702108.0,0.0
201810,서울특별시,육상운송,738775.0,0.0
201810,서울특별시,수상운송,33368.0,0.0
201810,부산광역시,카지노,7746002.0,0.0
201810,부산광역시,총소비,38042657.0,0.0
201810,부산광역시,호텔,6018206.0,0.0
201810,부산광역시,콘도,6316.0,0.0
201810,부산광역시,캠핑장/펜션,40.0,0.0
201810,부산광역시,기타숙박,2458320.0,0.0
201810,부산광역시,여행업,13533.0,0.0
201810,부산광역시,항공운송,47530.0,0.0
201810,부산광역시,렌터카,13529.0,0.0
201810,부산광역시,면세점,4114013.0,0.0
201810,부산광역시,관광기념품,813942.0,0.0
201810,부산광역시,레저용품쇼핑,336727.0,0.0
201810,부산광역시,대형쇼핑몰,12362994.0,0.0
201810,부산광역시,관광유원시설,114883.0,0.0
201810,부산광역시,골프장,42657.0,0.0
201810,부산광역시,기타레저,88.0,0.0
201810,부산광역시,문화서비스,4972.0,0.0
201810,부산광역시,식음료,3932707.0,0.0
201810,부산광역시,육상운송,7917.0,0.0
201810,부산광역시,수상운송,8280.0,0.0
201810,대구광역시,총소비,3525530.0,0.0
201810,대구광역시,호텔,1480290.0,0.0
201810,대구광역시,기타숙박,257142.0,0.0
201810,대구광역시,여행업,2434.0,0.0
201810,대구광역시,렌터카,11656.0,0.0
201810,대구광역시,관광기념품,127656.0,0.0
201810,대구광역시,레저용품쇼핑,63128.0,0.0
201810,대구광역시,대형쇼핑몰,959883.0,0.0
201810,대구광역시,관광유원시설,6510.0,0.0
201810,대구광역시,골프장,325.0,0.0
201810,대구광역시,기타레저,27.0,0.0
201810,대구광역시,문화서비스,2462.0,0.0
201810,대구광역시,식음료,614017.0,0.0
201810,인천광역시,총소비,43801719.0,0.0
201810,인천광역시,호텔,13322752.0,0.0
201810,인천광역시,캠핑장/펜션,320.0,0.0
201810,인천광역시,기타숙박,806630.0,0.0
201810,인천광역시,여행업,8048.0,0.0
201810,인천광역시,항공운송,11748.0,0.0
201810,인천광역시,렌터카,328476.0,0.0
201810,인천광역시,면세점,22001387.0,0.0
201810,인천광역시,관광기념품,338211.0,0.0
201810,인천광역시,레저용품쇼핑,89897.0,0.0
201810,인천광역시,대형쇼핑몰,2633360.0,0.0
201810,인천광역시,관광유원시설,148.0,0.0
201810,인천광역시,골프장,204203.0,0.0
201810,인천광역시,문화서비스,835.0,0.0
201810,인천광역시,식음료,4055419.0,0.0
201810,인천광역시,수상운송,286.0,0.0
201810,광주광역시,총소비,1226811.0,0.0
201810,광주광역시,호텔,9641.0,0.0
201810,광주광역시,기타숙박,507747.0,0.0
201810,광주광역시,렌터카,847.0,0.0
201810,광주광역시,관광기념품,847.0,0.0
201810,광주광역시,레저용품쇼핑,45472.0,0.0
201810,광주광역시,대형쇼핑몰,389015.0,0.0
201810,광주광역시,관광유원시설,124.0,0.0
201810,광주광역시,골프장,502.0,0.0
201810,광주광역시,문화서비스,34563.0,0.0
201810,광주광역시,식음료,238046.0,0.0
201810,광주광역시,육상운송,8.0,0.0
201810,대전광역시,총소비,2872751.0,0.0
201810,대전광역시,호텔,447747.0,0.0
201810,대전광역시,기타숙박,131982.0,0.0
201810,대전광역시,여행업,5388.0,0.0
201810,대전광역시,렌터카,4010.0,0.0
201810,대전광역시,관광기념품,818.0,0.0
201810,대전광역시,레저용품쇼핑,19709.0,0.0
201810,대전광역시,대형쇼핑몰,384790.0,0.0
201810,대전광역시,관광유원시설,816.0,0.0
201810,대전광역시,골프장,16433.0,0.0
201810,대전광역시,기타레저,100.0,0.0
201810,대전광역시,문화서비스,842.0,0.0
201810,대전광역시,식음료,381652.0,0.0
201810,대전광역시,육상운송,1478464.0,0.0
201810,울산광역시,총소비,952767.0,0.0
201810,울산광역시,호텔,419893.0,0.0
201810,울산광역시,기타숙박,46154.0,0.0
201810,울산광역시,여행업,888.0,0.0
201810,울산광역시,렌터카,110.0,0.0
201810,울산광역시,면세점,643.0,0.0
201810,울산광역시,관광기념품,2241.0,0.0
201810,울산광역시,레저용품쇼핑,5969.0,0.0
201810,울산광역시,대형쇼핑몰,260102.0,0.0
201810,울산광역시,골프장,4732.0,0.0
201810,울산광역시,문화서비스,310.0,0.0
201810,울산광역시,식음료,211725.0,0.0
201810,세종특별자치시,총소비,63786.0,0.0
201810,세종특별자치시,기타숙박,84.0,0.0
201810,세종특별자치시,여행업,3319.0,0.0
201810,세종특별자치시,레저용품쇼핑,1159.0,0.0
201810,세종특별자치시,대형쇼핑몰,23166.0,0.0
201810,세종특별자치시,골프장,610.0,0.0
201810,세종특별자치시,문화서비스,59.0,0.0
201810,세종특별자치시,식음료,35390.0,0.0
201810,경기도,총소비,30094115.0,0.0
201810,경기도,콘도,14010.0,0.0
201810,경기도,호텔,4122344.0,0.0
201810,경기도,캠핑장/펜션,1821.0,0.0
201810,경기도,기타숙박,6290673.0,0.0
201810,경기도,여행업,101473.0,0.0
201810,경기도,렌터카,160842.0,0.0
201810,경기도,면세점,592.0,0.0
201810,경기도,관광기념품,72386.0,0.0
201810,경기도,레저용품쇼핑,720775.0,0.0
201810,경기도,대형쇼핑몰,10059333.0,0.0
201810,경기도,관광유원시설,62905.0,0.0
201810,경기도,골프장,603409.0,0.0
201810,경기도,기타레저,861.0,0.0
201810,경기도,문화서비스,319669.0,0.0
201810,경기도,식음료,7538281.0,0.0
201810,경기도,육상운송,19995.0,0.0
201810,경기도,수상운송,4745.0,0.0
201810,강원도,총소비,1378243.0,0.0
201810,강원도,호텔,225602.0,0.0
201810,강원도,콘도,128873.0,0.0
201810,강원도,캠핑장/펜션,14789.0,0.0
201810,강원도,기타숙박,208393.0,0.0
201810,강원도,여행업,24763.0,0.0
201810,강원도,렌터카,13588.0,0.0
201810,강원도,면세점,9110.0,0.0
201810,강원도,관광기념품,9608.0,0.0
201810,강원도,레저용품쇼핑,35667.0,0.0
201810,강원도,대형쇼핑몰,165972.0,0.0
201810,강원도,관광유원시설,1091.0,0.0
201810,강원도,골프장,77176.0,0.0
201810,강원도,기타레저,2971.0,0.0
201810,강원도,문화서비스,4344.0,0.0
201810,강원도,식음료,455568.0,0.0
201810,강원도,육상운송,539.0,0.0
201810,강원도,수상운송,188.0,0.0
201810,충청북도,총소비,1779588.0,0.0
201810,충청북도,호텔,172017.0,0.0
201810,충청북도,콘도,73.0,0.0
201810,충청북도,캠핑장/펜션,40.0,0.0
201810,충청북도,기타숙박,698093.0,0.0
201810,충청북도,여행업,5388.0,0.0
201810,충청북도,렌터카,1840.0,0.0
201810,충청북도,면세점,2445.0,0.0
201810,충청북도,관광기념품,168.0,0.0
201810,충청북도,레저용품쇼핑,29841.0,0.0
201810,충청북도,대형쇼핑몰,542109.0,0.0
201810,충청북도,관광유원시설,240.0,0.0
201810,충청북도,골프장,41681.0,0.0
201810,충청북도,문화서비스,473.0,0.0
201810,충청북도,식음료,278371.0,0.0
201810,충청북도,육상운송,6789.0,0.0
201810,충청북도,수상운송,20.0,0.0
201810,충청남도,총소비,1725480.0,0.0
201810,충청남도,호텔,473476.0,0.0
201810,충청남도,콘도,1599.0,0.0
201810,충청남도,캠핑장/펜션,134.0,0.0
201810,충청남도,기타숙박,366693.0,0.0
201810,충청남도,여행업,52.0,0.0
201810,충청남도,항공운송,188.0,0.0
201810,충청남도,렌터카,5906.0,0.0
201810,충청남도,관광기념품,1618.0,0.0
201810,충청남도,레저용품쇼핑,39189.0,0.0
201810,충청남도,대형쇼핑몰,363659.0,0.0
201810,충청남도,관광유원시설,1685.0,0.0
201810,충청남도,골프장,20604.0,0.0
201810,충청남도,기타레저,80.0,0.0
201810,충청남도,문화서비스,435.0,0.0
201810,충청남도,식음료,450063.0,0.0
201810,충청남도,수상운송,101.0,0.0
201810,전라북도,총소비,1102984.0,0.0
201810,전라북도,호텔,30849.0,0.0
201810,전라북도,콘도,1898.0,0.0
201810,전라북도,캠핑장/펜션,1322.0,0.0
201810,전라북도,기타숙박,183850.0,0.0
201810,전라북도,항공운송,40292.0,0.0
201810,전라북도,렌터카,4361.0,0.0
201810,전라북도,관광기념품,6459.0,0.0
201810,전라북도,레저용품쇼핑,34893.0,0.0
201810,전라북도,대형쇼핑몰,424849.0,0.0
201810,전라북도,관광유원시설,231.0,0.0
201810,전라북도,골프장,19199.0,0.0
201810,전라북도,문화서비스,1549.0,0.0
201810,전라북도,식음료,353192.0,0.0
201810,전라북도,수상운송,40.0,0.0
201810,전라남도,총소비,755960.0,0.0
201810,전라남도,호텔,202804.0,0.0
201810,전라남도,콘도,90.0,0.0
201810,전라남도,캠핑장/펜션,1165.0,0.0
201810,전라남도,기타숙박,101028.0,0.0
201810,전라남도,여행업,389.0,0.0
201810,전라남도,렌터카,685.0,0.0
201810,전라남도,관광기념품,3760.0,0.0
201810,전라남도,레저용품쇼핑,23938.0,0.0
201810,전라남도,대형쇼핑몰,142138.0,0.0
201810,전라남도,관광유원시설,9594.0,0.0
201810,전라남도,골프장,30249.0,0.0
201810,전라남도,기타레저,26.0,0.0
201810,전라남도,문화서비스,890.0,0.0
201810,전라남도,식음료,238290.0,0.0
201810,전라남도,육상운송,870.0,0.0
201810,전라남도,수상운송,44.0,0.0
201810,경상북도,총소비,1597930.0,0.0
201810,경상북도,호텔,367018.0,0.0
201810,경상북도,콘도,14238.0,0.0
201810,경상북도,캠핑장/펜션,3410.0,0.0
201810,경상북도,기타숙박,334324.0,0.0
201810,경상북도,여행업,2331.0,0.0
201810,경상북도,렌터카,3050.0,0.0
201810,경상북도,관광기념품,12113.0,0.0
201810,경상북도,레저용품쇼핑,46738.0,0.0
201810,경상북도,대형쇼핑몰,207716.0,0.0
201810,경상북도,관광유원시설,3043.0,0.0
201810,경상북도,골프장,15742.0,0.0
201810,경상북도,기타레저,19690.0,0.0
201810,경상북도,문화서비스,1635.0,0.0
201810,경상북도,식음료,565330.0,0.0
201810,경상북도,육상운송,1092.0,0.0
201810,경상북도,수상운송,460.0,0.0
201810,경상남도,총소비,3979329.0,0.0
201810,경상남도,호텔,992218.0,0.0
201810,경상남도,콘도,9079.0,0.0
201810,경상남도,캠핑장/펜션,1663.0,0.0
201810,경상남도,기타숙박,572603.0,0.0
201810,경상남도,여행업,152.0,0.0
201810,경상남도,렌터카,10729.0,0.0
201810,경상남도,면세점,14616.0,0.0
201810,경상남도,관광기념품,2516.0,0.0
201810,경상남도,레저용품쇼핑,58671.0,0.0
201810,경상남도,대형쇼핑몰,1084156.0,0.0
201810,경상남도,관광유원시설,1997.0,0.0
201810,경상남도,골프장,90378.0,0.0
201810,경상남도,기타레저,258.0,0.0
201810,경상남도,문화서비스,3651.0,0.0
201810,경상남도,식음료,1136622.0,0.0
201810,경상남도,수상운송,18.0,0.0
201810,제주특별자치도,총소비,20779832.0,0.0
201810,제주특별자치도,콘도,3853391.0,0.0
201810,제주특별자치도,호텔,2294442.0,0.0
201810,제주특별자치도,캠핑장/펜션,43158.0,0.0
201810,제주특별자치도,기타숙박,2558183.0,0.0
201810,제주특별자치도,여행업,3517.0,0.0
201810,제주특별자치도,항공운송,370710.0,0.0
201810,제주특별자치도,렌터카,239614.0,0.0
201810,제주특별자치도,면세점,4574004.0,0.0
201810,제주특별자치도,관광기념품,860833.0,0.0
201810,제주특별자치도,레저용품쇼핑,700744.0,0.0
201810,제주특별자치도,대형쇼핑몰,836949.0,0.0
201810,제주특별자치도,관광유원시설,64586.0,0.0
201810,제주특별자치도,골프장,284234.0,0.0
201810,제주특별자치도,기타레저,164.0,0.0
201810,제주특별자치도,문화서비스,182654.0,0.0
201810,제주특별자치도,식음료,3888122.0,0.0
201810,제주특별자치도,육상운송,350.0,0.0
201810,제주특별자치도,수상운송,24177.0,0.0
201811,서울특별시,카지노,21837848.0,0.0
201811,서울특별시,총소비,278416203.0,0.0
201811,서울특별시,호텔,65173569.0,0.0
201811,서울특별시,콘도,38070.0,0.0
201811,서울특별시,캠핑장/펜션,110.0,0.0
201811,서울특별시,기타숙박,10379624.0,0.0
201811,서울특별시,여행업,878422.0,0.0
201811,서울특별시,항공운송,1401097.0,0.0
201811,서울특별시,렌터카,73814.0,0.0
201811,서울특별시,면세점,49322602.0,0.0
201811,서울특별시,관광기념품,8223457.0,0.0
201811,서울특별시,레저용품쇼핑,5668564.0,0.0
201811,서울특별시,대형쇼핑몰,79081393.0,0.0
201811,서울특별시,관광유원시설,126232.0,0.0
201811,서울특별시,골프장,23390.0,0.0
201811,서울특별시,기타레저,87.0,0.0
201811,서울특별시,문화서비스,316871.0,0.0
201811,서울특별시,식음료,35199781.0,0.0
201811,서울특별시,육상운송,659698.0,0.0
201811,서울특별시,수상운송,11573.0,0.0
201811,부산광역시,카지노,9136300.0,0.0
201811,부산광역시,총소비,31532160.0,0.0
201811,부산광역시,호텔,4269176.0,0.0
201811,부산광역시,콘도,1326.0,0.0
201811,부산광역시,캠핑장/펜션,641.0,0.0
201811,부산광역시,기타숙박,1196826.0,0.0
201811,부산광역시,여행업,5484.0,0.0
201811,부산광역시,항공운송,37363.0,0.0
201811,부산광역시,렌터카,7830.0,0.0
201811,부산광역시,면세점,3842188.0,0.0
201811,부산광역시,관광기념품,928669.0,0.0
201811,부산광역시,레저용품쇼핑,228416.0,0.0
201811,부산광역시,대형쇼핑몰,8844768.0,0.0
201811,부산광역시,관광유원시설,51031.0,0.0
201811,부산광역시,골프장,21356.0,0.0
201811,부산광역시,기타레저,80.0,0.0
201811,부산광역시,문화서비스,3787.0,0.0
201811,부산광역시,식음료,2935398.0,0.0
201811,부산광역시,육상운송,7480.0,0.0
201811,부산광역시,수상운송,14043.0,0.0
201811,대구광역시,총소비,3330408.0,0.0
201811,대구광역시,호텔,1175305.0,0.0
201811,대구광역시,기타숙박,263051.0,0.0
201811,대구광역시,여행업,3880.0,0.0
201811,대구광역시,렌터카,4586.0,0.0
201811,대구광역시,관광기념품,118427.0,0.0
201811,대구광역시,레저용품쇼핑,70046.0,0.0
201811,대구광역시,대형쇼핑몰,1019710.0,0.0
201811,대구광역시,관광유원시설,4663.0,0.0
201811,대구광역시,골프장,626.0,0.0
201811,대구광역시,문화서비스,1967.0,0.0
201811,대구광역시,식음료,668147.0,0.0
201811,인천광역시,총소비,46997447.0,0.0
201811,인천광역시,호텔,18715538.0,0.0
201811,인천광역시,기타숙박,841507.0,0.0
201811,인천광역시,여행업,20542.0,0.0
201811,인천광역시,항공운송,21027.0,0.0
201811,인천광역시,렌터카,254717.0,0.0
201811,인천광역시,면세점,20407162.0,0.0
201811,인천광역시,관광기념품,301566.0,0.0
201811,인천광역시,레저용품쇼핑,70739.0,0.0
201811,인천광역시,대형쇼핑몰,2416998.0,0.0
201811,인천광역시,관광유원시설,95.0,0.0
201811,인천광역시,골프장,70220.0,0.0
201811,인천광역시,기타레저,48.0,0.0
201811,인천광역시,문화서비스,1765.0,0.0
201811,인천광역시,식음료,3875440.0,0.0
201811,인천광역시,수상운송,83.0,0.0
201811,광주광역시,총소비,1036095.0,0.0
201811,광주광역시,호텔,14621.0,0.0
201811,광주광역시,기타숙박,401037.0,0.0
201811,광주광역시,여행업,1602.0,0.0
201811,광주광역시,렌터카,269.0,0.0
201811,광주광역시,관광기념품,103.0,0.0
201811,광주광역시,레저용품쇼핑,56257.0,0.0
201811,광주광역시,대형쇼핑몰,342558.0,0.0
201811,광주광역시,관광유원시설,192.0,0.0
201811,광주광역시,골프장,161.0,0.0
201811,광주광역시,문화서비스,31506.0,0.0
201811,광주광역시,식음료,187789.0,0.0
201811,대전광역시,총소비,2235195.0,0.0
201811,대전광역시,호텔,360205.0,0.0
201811,대전광역시,기타숙박,108661.0,0.0
201811,대전광역시,여행업,100.0,0.0
201811,대전광역시,렌터카,2763.0,0.0
201811,대전광역시,관광기념품,133.0,0.0
201811,대전광역시,레저용품쇼핑,29558.0,0.0
201811,대전광역시,대형쇼핑몰,369950.0,0.0
201811,대전광역시,관광유원시설,714.0,0.0
201811,대전광역시,골프장,18602.0,0.0
201811,대전광역시,문화서비스,675.0,0.0
201811,대전광역시,식음료,332998.0,0.0
201811,대전광역시,육상운송,1010838.0,0.0
201811,울산광역시,총소비,1102979.0,0.0
201811,울산광역시,호텔,567064.0,0.0
201811,울산광역시,기타숙박,70269.0,0.0
201811,울산광역시,여행업,1112.0,0.0
201811,울산광역시,렌터카,225.0,0.0
201811,울산광역시,관광기념품,4459.0,0.0
201811,울산광역시,레저용품쇼핑,5797.0,0.0
201811,울산광역시,대형쇼핑몰,250358.0,0.0
201811,울산광역시,관광유원시설,3.0,0.0
201811,울산광역시,골프장,3431.0,0.0
201811,울산광역시,문화서비스,634.0,0.0
201811,울산광역시,식음료,199627.0,0.0
201811,세종특별자치시,총소비,59276.0,0.0
201811,세종특별자치시,기타숙박,250.0,0.0
201811,세종특별자치시,레저용품쇼핑,445.0,0.0
201811,세종특별자치시,대형쇼핑몰,21886.0,0.0
201811,세종특별자치시,골프장,1406.0,0.0
201811,세종특별자치시,문화서비스,9.0,0.0
201811,세종특별자치시,식음료,35281.0,0.0
201811,경기도,총소비,29362416.0,0.0
201811,경기도,콘도,25412.0,0.0
201811,경기도,호텔,4904380.0,0.0
201811,경기도,캠핑장/펜션,3498.0,0.0
201811,경기도,기타숙박,6251500.0,0.0
201811,경기도,여행업,108512.0,0.0
201811,경기도,렌터카,116502.0,0.0
201811,경기도,면세점,1044.0,0.0
201811,경기도,관광기념품,82721.0,0.0
201811,경기도,레저용품쇼핑,741603.0,0.0
201811,경기도,대형쇼핑몰,9037618.0,0.0
201811,경기도,관광유원시설,33455.0,0.0
201811,경기도,골프장,312368.0,0.0
201811,경기도,기타레저,742.0,0.0
201811,경기도,문화서비스,197339.0,0.0
201811,경기도,식음료,7518336.0,0.0
201811,경기도,육상운송,24845.0,0.0
201811,경기도,수상운송,2539.0,0.0
201811,강원도,총소비,896113.0,0.0
201811,강원도,호텔,109411.0,0.0
201811,강원도,콘도,77298.0,0.0
201811,강원도,캠핑장/펜션,5036.0,0.0
201811,강원도,기타숙박,171208.0,0.0
201811,강원도,여행업,8899.0,0.0
201811,강원도,렌터카,4338.0,0.0
201811,강원도,면세점,3537.0,0.0
201811,강원도,관광기념품,9496.0,0.0
201811,강원도,레저용품쇼핑,29748.0,0.0
201811,강원도,대형쇼핑몰,115806.0,0.0
201811,강원도,관광유원시설,239.0,0.0
201811,강원도,골프장,63244.0,0.0
201811,강원도,기타레저,222.0,0.0
201811,강원도,문화서비스,2381.0,0.0
201811,강원도,식음료,295166.0,0.0
201811,강원도,육상운송,12.0,0.0
201811,강원도,수상운송,72.0,0.0
201811,충청북도,총소비,1371439.0,0.0
201811,충청북도,호텔,115993.0,0.0
201811,충청북도,캠핑장/펜션,51.0,0.0
201811,충청북도,기타숙박,654850.0,0.0
201811,충청북도,렌터카,9337.0,0.0
201811,충청북도,면세점,2036.0,0.0
201811,충청북도,관광기념품,42.0,0.0
201811,충청북도,레저용품쇼핑,22687.0,0.0
201811,충청북도,대형쇼핑몰,239489.0,0.0
201811,충청북도,관광유원시설,152.0,0.0
201811,충청북도,골프장,19572.0,0.0
201811,충청북도,기타레저,148.0,0.0
201811,충청북도,문화서비스,141.0,0.0
201811,충청북도,식음료,306601.0,0.0
201811,충청북도,수상운송,340.0,0.0
201811,충청남도,총소비,1787357.0,0.0
201811,충청남도,호텔,613200.0,0.0
201811,충청남도,콘도,4935.0,0.0
201811,충청남도,캠핑장/펜션,154.0,0.0
201811,충청남도,기타숙박,390601.0,0.0
201811,충청남도,여행업,76.0,0.0
201811,충청남도,항공운송,188.0,0.0
201811,충청남도,렌터카,2845.0,0.0
201811,충청남도,관광기념품,336.0,0.0
201811,충청남도,레저용품쇼핑,27453.0,0.0
201811,충청남도,대형쇼핑몰,305884.0,0.0
201811,충청남도,관광유원시설,225.0,0.0
201811,충청남도,골프장,10223.0,0.0
201811,충청남도,기타레저,26.0,0.0
201811,충청남도,문화서비스,670.0,0.0
201811,충청남도,식음료,430540.0,0.0
201811,전라북도,총소비,1110812.0,0.0
201811,전라북도,콘도,1238.0,0.0
201811,전라북도,호텔,56138.0,0.0
201811,전라북도,캠핑장/펜션,39.0,0.0
201811,전라북도,기타숙박,205147.0,0.0
201811,전라북도,여행업,76.0,0.0
201811,전라북도,항공운송,29206.0,0.0
201811,전라북도,렌터카,3672.0,0.0
201811,전라북도,관광기념품,4234.0,0.0
201811,전라북도,레저용품쇼핑,40554.0,0.0
201811,전라북도,대형쇼핑몰,416680.0,0.0
201811,전라북도,관광유원시설,661.0,0.0
201811,전라북도,골프장,11779.0,0.0
201811,전라북도,문화서비스,1377.0,0.0
201811,전라북도,식음료,340000.0,0.0
201811,전라북도,수상운송,12.0,0.0
201811,전라남도,총소비,750078.0,0.0
201811,전라남도,호텔,193361.0,0.0
201811,전라남도,콘도,245.0,0.0
201811,전라남도,캠핑장/펜션,1184.0,0.0
201811,전라남도,기타숙박,102213.0,0.0
201811,전라남도,여행업,1161.0,0.0
201811,전라남도,렌터카,3246.0,0.0
201811,전라남도,관광기념품,893.0,0.0
201811,전라남도,레저용품쇼핑,21171.0,0.0
201811,전라남도,대형쇼핑몰,144667.0,0.0
201811,전라남도,관광유원시설,5214.0,0.0
201811,전라남도,골프장,11002.0,0.0
201811,전라남도,문화서비스,870.0,0.0
201811,전라남도,식음료,264673.0,0.0
201811,전라남도,육상운송,7.0,0.0
201811,전라남도,수상운송,171.0,0.0
201811,경상북도,총소비,1587886.0,0.0
201811,경상북도,호텔,426436.0,0.0
201811,경상북도,콘도,4472.0,0.0
201811,경상북도,캠핑장/펜션,1636.0,0.0
201811,경상북도,기타숙박,293900.0,0.0
201811,경상북도,여행업,532.0,0.0
201811,경상북도,렌터카,2879.0,0.0
201811,경상북도,관광기념품,12811.0,0.0
201811,경상북도,레저용품쇼핑,32158.0,0.0
201811,경상북도,대형쇼핑몰,195976.0,0.0
201811,경상북도,관광유원시설,2058.0,0.0
201811,경상북도,골프장,14053.0,0.0
201811,경상북도,기타레저,15420.0,0.0
201811,경상북도,문화서비스,1266.0,0.0
201811,경상북도,식음료,583496.0,0.0
201811,경상북도,육상운송,722.0,0.0
201811,경상북도,수상운송,70.0,0.0
201811,경상남도,총소비,3859449.0,0.0
201811,경상남도,호텔,1048236.0,0.0
201811,경상남도,콘도,4438.0,0.0
201811,경상남도,캠핑장/펜션,1932.0,0.0
201811,경상남도,기타숙박,571954.0,0.0
201811,경상남도,여행업,44.0,0.0
201811,경상남도,렌터카,9933.0,0.0
201811,경상남도,면세점,1357.0,0.0
201811,경상남도,관광기념품,3056.0,0.0
201811,경상남도,레저용품쇼핑,54777.0,0.0
201811,경상남도,대형쇼핑몰,909694.0,0.0
201811,경상남도,관광유원시설,1608.0,0.0
201811,경상남도,골프장,44636.0,0.0
201811,경상남도,기타레저,30.0,0.0
201811,경상남도,문화서비스,1606.0,0.0
201811,경상남도,식음료,1206093.0,0.0
201811,경상남도,수상운송,56.0,0.0
201811,제주특별자치도,총소비,16878040.0,0.0
201811,제주특별자치도,호텔,1100096.0,0.0
201811,제주특별자치도,콘도,6726118.0,0.0
201811,제주특별자치도,캠핑장/펜션,10308.0,0.0
201811,제주특별자치도,기타숙박,1155233.0,0.0
201811,제주특별자치도,여행업,23304.0,0.0
201811,제주특별자치도,항공운송,276667.0,0.0
201811,제주특별자치도,렌터카,148139.0,0.0
201811,제주특별자치도,면세점,3641234.0,0.0
201811,제주특별자치도,관광기념품,797140.0,0.0
201811,제주특별자치도,레저용품쇼핑,373375.0,0.0
201811,제주특별자치도,대형쇼핑몰,465236.0,0.0
201811,제주특별자치도,관광유원시설,21983.0,0.0
201811,제주특별자치도,골프장,112330.0,0.0
201811,제주특별자치도,기타레저,416.0,0.0
201811,제주특별자치도,문화서비스,65901.0,0.0
201811,제주특별자치도,식음료,1949786.0,0.0
201811,제주특별자치도,육상운송,40.0,0.0
201811,제주특별자치도,수상운송,10735.0,0.0
201812,서울특별시,카지노,25955077.0,0.0
201812,서울특별시,총소비,307149455.0,0.0
201812,서울특별시,호텔,59707332.0,0.0
201812,서울특별시,콘도,86655.0,0.0
201812,서울특별시,기타숙박,11122012.0,0.0
201812,서울특별시,여행업,555576.0,0.0
201812,서울특별시,항공운송,1421596.0,0.0
201812,서울특별시,렌터카,100771.0,0.0
201812,서울특별시,면세점,51176478.0,0.0
201812,서울특별시,관광기념품,7923684.0,0.0
201812,서울특별시,레저용품쇼핑,6034752.0,0.0
201812,서울특별시,대형쇼핑몰,104871624.0,0.0
201812,서울특별시,관광유원시설,244104.0,0.0
201812,서울특별시,골프장,14324.0,0.0
201812,서울특별시,기타레저,80.0,0.0
201812,서울특별시,문화서비스,339555.0,0.0
201812,서울특별시,식음료,37023342.0,0.0
201812,서울특별시,육상운송,567887.0,0.0
201812,서울특별시,수상운송,4606.0,0.0
201812,부산광역시,카지노,6501272.0,0.0
201812,부산광역시,총소비,26337297.0,0.0
201812,부산광역시,호텔,3166600.0,0.0
201812,부산광역시,콘도,1423.0,0.0
201812,부산광역시,캠핑장/펜션,40.0,0.0
201812,부산광역시,기타숙박,963007.0,0.0
201812,부산광역시,여행업,4062.0,0.0
201812,부산광역시,항공운송,26897.0,0.0
201812,부산광역시,렌터카,12301.0,0.0
201812,부산광역시,면세점,3326441.0,0.0
201812,부산광역시,관광기념품,707196.0,0.0
201812,부산광역시,레저용품쇼핑,266652.0,0.0
201812,부산광역시,대형쇼핑몰,8983168.0,0.0
201812,부산광역시,관광유원시설,56167.0,0.0
201812,부산광역시,골프장,14202.0,0.0
201812,부산광역시,기타레저,99.0,0.0
201812,부산광역시,문화서비스,5551.0,0.0
201812,부산광역시,식음료,2291555.0,0.0
201812,부산광역시,육상운송,1995.0,0.0
201812,부산광역시,수상운송,8669.0,0.0
201812,대구광역시,총소비,3141015.0,0.0
201812,대구광역시,호텔,915666.0,0.0
201812,대구광역시,기타숙박,221371.0,0.0
201812,대구광역시,여행업,2583.0,0.0
201812,대구광역시,렌터카,5954.0,0.0
201812,대구광역시,관광기념품,122989.0,0.0
201812,대구광역시,레저용품쇼핑,52482.0,0.0
201812,대구광역시,대형쇼핑몰,1161609.0,0.0
201812,대구광역시,관광유원시설,7329.0,0.0
201812,대구광역시,골프장,614.0,0.0
201812,대구광역시,문화서비스,3261.0,0.0
201812,대구광역시,식음료,647159.0,0.0
201812,인천광역시,총소비,42055497.0,0.0
201812,인천광역시,호텔,13946696.0,0.0
201812,인천광역시,캠핑장/펜션,200.0,0.0
201812,인천광역시,기타숙박,526318.0,0.0
201812,인천광역시,여행업,5764.0,0.0
201812,인천광역시,항공운송,13227.0,0.0
201812,인천광역시,렌터카,275539.0,0.0
201812,인천광역시,면세점,20579054.0,0.0
201812,인천광역시,관광기념품,332121.0,0.0
201812,인천광역시,레저용품쇼핑,71240.0,0.0
201812,인천광역시,대형쇼핑몰,2291384.0,0.0
201812,인천광역시,관광유원시설,118.0,0.0
201812,인천광역시,골프장,15685.0,0.0
201812,인천광역시,기타레저,71.0,0.0
201812,인천광역시,문화서비스,1370.0,0.0
201812,인천광역시,식음료,3996551.0,0.0
201812,인천광역시,수상운송,159.0,0.0
201812,광주광역시,총소비,887315.0,0.0
201812,광주광역시,호텔,4689.0,0.0
201812,광주광역시,기타숙박,262080.0,0.0
201812,광주광역시,렌터카,540.0,0.0
201812,광주광역시,관광기념품,957.0,0.0
201812,광주광역시,레저용품쇼핑,31483.0,0.0
201812,광주광역시,대형쇼핑몰,352591.0,0.0
201812,광주광역시,관광유원시설,188.0,0.0
201812,광주광역시,골프장,89.0,0.0
201812,광주광역시,문화서비스,40995.0,0.0
201812,광주광역시,식음료,193705.0,0.0
201812,대전광역시,총소비,1982775.0,0.0
201812,대전광역시,호텔,251371.0,0.0
201812,대전광역시,기타숙박,84313.0,0.0
201812,대전광역시,여행업,5653.0,0.0
201812,대전광역시,렌터카,1790.0,0.0
201812,대전광역시,관광기념품,134.0,0.0
201812,대전광역시,레저용품쇼핑,20026.0,0.0
201812,대전광역시,대형쇼핑몰,376010.0,0.0
201812,대전광역시,관광유원시설,192.0,0.0
201812,대전광역시,골프장,18129.0,0.0
201812,대전광역시,문화서비스,912.0,0.0
201812,대전광역시,식음료,311215.0,0.0
201812,대전광역시,육상운송,913030.0,0.0
201812,울산광역시,총소비,998176.0,0.0
201812,울산광역시,호텔,486365.0,0.0
201812,울산광역시,기타숙박,49332.0,0.0
201812,울산광역시,여행업,1704.0,0.0
201812,울산광역시,렌터카,440.0,0.0
201812,울산광역시,면세점,2782.0,0.0
201812,울산광역시,관광기념품,2431.0,0.0
201812,울산광역시,레저용품쇼핑,6136.0,0.0
201812,울산광역시,대형쇼핑몰,293041.0,0.0
201812,울산광역시,골프장,1567.0,0.0
201812,울산광역시,문화서비스,394.0,0.0
201812,울산광역시,식음료,153985.0,0.0
201812,세종특별자치시,총소비,53841.0,0.0
201812,세종특별자치시,기타숙박,1212.0,0.0
201812,세종특별자치시,관광기념품,106.0,0.0
201812,세종특별자치시,레저용품쇼핑,156.0,0.0
201812,세종특별자치시,대형쇼핑몰,18899.0,0.0
201812,세종특별자치시,골프장,488.0,0.0
201812,세종특별자치시,문화서비스,160.0,0.0
201812,세종특별자치시,식음료,32822.0,0.0
201812,경기도,총소비,29525875.0,0.0
201812,경기도,콘도,81066.0,0.0
201812,경기도,호텔,4475196.0,0.0
201812,경기도,캠핑장/펜션,2014.0,0.0
201812,경기도,기타숙박,5565669.0,0.0
201812,경기도,여행업,102698.0,0.0
201812,경기도,렌터카,150851.0,0.0
201812,경기도,면세점,2323.0,0.0
201812,경기도,관광기념품,90420.0,0.0
201812,경기도,레저용품쇼핑,880367.0,0.0
201812,경기도,대형쇼핑몰,10227028.0,0.0
201812,경기도,관광유원시설,46337.0,0.0
201812,경기도,골프장,90569.0,0.0
201812,경기도,기타레저,2031.0,0.0
201812,경기도,문화서비스,280276.0,0.0
201812,경기도,식음료,7486849.0,0.0
201812,경기도,육상운송,18289.0,0.0
201812,경기도,수상운송,907.0,0.0
201812,경기도,스키장,22986.0,0.0
201812,강원도,총소비,3365105.0,0.0
201812,강원도,호텔,1428863.0,0.0
201812,강원도,콘도,478016.0,0.0
201812,강원도,캠핑장/펜션,11768.0,0.0
201812,강원도,기타숙박,499838.0,0.0
201812,강원도,여행업,18329.0,0.0
201812,강원도,렌터카,6741.0,0.0
201812,강원도,관광기념품,6606.0,0.0
201812,강원도,레저용품쇼핑,212500.0,0.0
201812,강원도,대형쇼핑몰,132781.0,0.0
201812,강원도,관광유원시설,289.0,0.0
201812,강원도,골프장,60402.0,0.0
201812,강원도,기타레저,322.0,0.0
201812,강원도,문화서비스,1951.0,0.0
201812,강원도,식음료,506698.0,0.0
201812,충청북도,총소비,1264066.0,0.0
201812,충청북도,호텔,175101.0,0.0
201812,충청북도,기타숙박,539276.0,0.0
201812,충청북도,여행업,2363.0,0.0
201812,충청북도,렌터카,1019.0,0.0
201812,충청북도,면세점,6991.0,0.0
201812,충청북도,관광기념품,356.0,0.0
201812,충청북도,레저용품쇼핑,14494.0,0.0
201812,충청북도,대형쇼핑몰,260226.0,0.0
201812,충청북도,관광유원시설,150.0,0.0
201812,충청북도,골프장,1373.0,0.0
201812,충청북도,기타레저,78.0,0.0
201812,충청북도,문화서비스,303.0,0.0
201812,충청북도,식음료,256269.0,0.0
201812,충청북도,육상운송,6066.0,0.0
201812,충청남도,총소비,1798038.0,0.0
201812,충청남도,호텔,667442.0,0.0
201812,충청남도,콘도,2026.0,0.0
201812,충청남도,캠핑장/펜션,22.0,0.0
201812,충청남도,기타숙박,317921.0,0.0
201812,충청남도,여행업,2831.0,0.0
201812,충청남도,항공운송,188.0,0.0
201812,충청남도,렌터카,8962.0,0.0
201812,충청남도,관광기념품,3189.0,0.0
201812,충청남도,레저용품쇼핑,39451.0,0.0
201812,충청남도,대형쇼핑몰,331322.0,0.0
201812,충청남도,관광유원시설,276.0,0.0
201812,충청남도,골프장,1818.0,0.0
201812,충청남도,문화서비스,474.0,0.0
201812,충청남도,식음료,422116.0,0.0
201812,전라북도,총소비,1111001.0,0.0
201812,전라북도,호텔,27680.0,0.0
201812,전라북도,콘도,1901.0,0.0
201812,전라북도,캠핑장/펜션,416.0,0.0
201812,전라북도,기타숙박,148759.0,0.0
201812,전라북도,항공운송,29232.0,0.0
201812,전라북도,렌터카,842.0,0.0
201812,전라북도,관광기념품,6165.0,0.0
201812,전라북도,레저용품쇼핑,41378.0,0.0
201812,전라북도,대형쇼핑몰,523399.0,0.0
201812,전라북도,관광유원시설,81.0,0.0
201812,전라북도,골프장,2668.0,0.0
201812,전라북도,문화서비스,2650.0,0.0
201812,전라북도,식음료,325830.0,0.0
201812,전라남도,총소비,569703.0,0.0
201812,전라남도,호텔,119503.0,0.0
201812,전라남도,캠핑장/펜션,507.0,0.0
201812,전라남도,기타숙박,76983.0,0.0
201812,전라남도,여행업,20.0,0.0
201812,전라남도,렌터카,2878.0,0.0
201812,전라남도,관광기념품,173.0,0.0
201812,전라남도,레저용품쇼핑,8915.0,0.0
201812,전라남도,대형쇼핑몰,141459.0,0.0
201812,전라남도,관광유원시설,5042.0,0.0
201812,전라남도,골프장,5067.0,0.0
201812,전라남도,기타레저,52.0,0.0
201812,전라남도,문화서비스,244.0,0.0
201812,전라남도,식음료,208820.0,0.0
201812,전라남도,수상운송,40.0,0.0
201812,경상북도,총소비,1270038.0,0.0
201812,경상북도,호텔,273993.0,0.0
201812,경상북도,콘도,21220.0,0.0
201812,경상북도,기타숙박,223524.0,0.0
201812,경상북도,여행업,646.0,0.0
201812,경상북도,렌터카,3902.0,0.0
201812,경상북도,관광기념품,9643.0,0.0
201812,경상북도,레저용품쇼핑,23819.0,0.0
201812,경상북도,대형쇼핑몰,197046.0,0.0
201812,경상북도,관광유원시설,520.0,0.0
201812,경상북도,골프장,7613.0,0.0
201812,경상북도,기타레저,15811.0,0.0
201812,경상북도,문화서비스,719.0,0.0
201812,경상북도,식음료,491011.0,0.0
201812,경상북도,육상운송,554.0,0.0
201812,경상북도,수상운송,16.0,0.0
201812,경상남도,총소비,3457525.0,0.0
201812,경상남도,호텔,776868.0,0.0
201812,경상남도,콘도,1806.0,0.0
201812,경상남도,캠핑장/펜션,988.0,0.0
201812,경상남도,기타숙박,380203.0,0.0
201812,경상남도,여행업,152.0,0.0
201812,경상남도,렌터카,17105.0,0.0
201812,경상남도,면세점,2859.0,0.0
201812,경상남도,관광기념품,2453.0,0.0
201812,경상남도,레저용품쇼핑,51461.0,0.0
201812,경상남도,대형쇼핑몰,1170275.0,0.0
201812,경상남도,관광유원시설,2057.0,0.0
201812,경상남도,골프장,30784.0,0.0
201812,경상남도,기타레저,12.0,0.0
201812,경상남도,문화서비스,977.0,0.0
201812,경상남도,식음료,1019462.0,0.0
201812,경상남도,수상운송,64.0,0.0
201812,제주특별자치도,총소비,17612946.0,0.0
201812,제주특별자치도,호텔,778819.0,0.0
201812,제주특별자치도,콘도,8763195.0,0.0
201812,제주특별자치도,캠핑장/펜션,7598.0,0.0
201812,제주특별자치도,기타숙박,840313.0,0.0
201812,제주특별자치도,여행업,2705.0,0.0
201812,제주특별자치도,항공운송,310663.0,0.0
201812,제주특별자치도,렌터카,149615.0,0.0
201812,제주특별자치도,면세점,3086683.0,0.0
201812,제주특별자치도,관광기념품,620821.0,0.0
201812,제주특별자치도,레저용품쇼핑,412078.0,0.0
201812,제주특별자치도,대형쇼핑몰,454698.0,0.0
201812,제주특별자치도,관광유원시설,22399.0,0.0
201812,제주특별자치도,골프장,49078.0,0.0
201812,제주특별자치도,기타레저,334.0,0.0
201812,제주특별자치도,문화서비스,68311.0,0.0
201812,제주특별자치도,식음료,2037042.0,0.0
201812,제주특별자치도,육상운송,118.0,0.0
201812,제주특별자치도,수상운송,8477.0,0.0
