기준년월,광역지자체,방문자수,전월대비 방문자증감률,전년대비 방문자증감률,외국인 비율,소비액,인당 소비액,전년대비 인당소비증감률
201801,강원도,95574,0.0,0.0,0.9268280620193378,3056657,31.98209764161801,0.0
201801,경기도,374434,0.0,0.0,0.8627711906304183,22074410,58.9540746833888,0.0
201801,경상남도,86978,0.0,0.0,0.7748118534864618,2939692,33.79810986686289,0.0
201801,경상북도,59444,0.0,0.0,0.5120477750462936,1184495,19.92623309333154,0.0
201801,광주광역시,15493,0.0,0.0,0.3040218084087648,916812,59.175885883947586,0.0
201801,대구광역시,33713,0.0,0.0,0.3989339672162496,1986504,58.92397591433571,0.0
201801,대전광역시,20689,0.0,0.0,0.31820095953992283,1698675,82.10522499879163,0.0
201801,부산광역시,174910,0.0,0.0,1.4564772602272957,20497921,117.19124692699103,0.0
201801,서울특별시,1133444,0.0,0.0,2.3487336156857155,220579456,194.60992867755266,0.0
201801,세종특별자치시,4853,0.0,0.0,0.2960762123231886,44883,9.248506078714197,0.0
201801,울산광역시,40012,0.0,0.0,1.0246702447664018,989455,24.728956313106067,0.0
201801,인천광역시,352199,0.0,0.0,2.874773310992423,36395462,103.33777779039691,0.0
201801,전라남도,65112,0.0,0.0,0.9002910266237926,429721,6.59972048163165,0.0
201801,전라북도,26728,0.0,0.0,0.42341500167208374,630834,23.60199042202933,0.0
201801,제주특별자치도,158972,0.0,0.0,3.584881493160916,6852346,43.10410638351408,0.0
201801,충청남도,51734,0.0,0.0,0.5215817636932353,1231322,23.80102060540457,0.0
201801,충청북도,27837,0.0,0.0,0.40653208576064304,670781,24.09674174659626,0.0
201802,강원도,552313,477.89043045179653,0.0,5.095489043803199,12437297,22.518566465029792,0.0
201802,경기도,432142,15.412061938819654,0.0,1.0728511837865216,22507340,52.08320413197514,0.0
201802,경상남도,87756,0.8944790636712829,0.0,0.738953215291909,2735055,31.166586900041022,0.0
201802,경상북도,56311,-5.270506695377164,0.0,0.41523822754901496,1125833,19.993127452895525,0.0
201802,광주광역시,16017,3.3821725940747394,0.0,0.2996352632373517,577128,36.03221577074358,0.0
201802,대구광역시,39735,17.86254560555276,0.0,0.44865879980976464,1832509,46.118258462312824,0.0
201802,대전광역시,20788,0.4785151529798526,0.0,0.31885743875937034,2598016,124.97671733692515,0.0
201802,부산광역시,205153,17.290606597678803,0.0,1.635940435893005,21919033,106.84237130336871,0.0
201802,서울특별시,1258366,11.021453199275832,0.0,2.906809632712231,213448367,169.62343785512323,0.0
201802,세종특별자치시,5403,11.333195961261078,0.0,0.3210134590373636,56545,10.465482139552101,0.0
201802,울산광역시,39317,-1.7369789063281016,0.0,1.0716749578806692,1410523,35.87565175369433,0.0
201802,인천광역시,403089,14.449217629805865,0.0,3.794836377460109,38545719,95.62582705060173,0.0
201802,전라남도,61746,-5.16955399926281,0.0,0.6804020174703296,398827,6.4591552489230075,0.0
201802,전라북도,30439,13.884316073032021,0.0,0.4030850526808685,636708,20.917507145438417,0.0
201802,제주특별자치도,182291,14.66862088921319,0.0,5.007031614799351,7263305,39.84456171725428,0.0
201802,충청남도,57080,10.33362972126648,0.0,0.5083390129620214,1166813,20.441713384723194,0.0
201802,충청북도,28126,1.038186586198231,0.0,0.3664485034710071,792973,28.193593116689183,0.0
201803,강원도,125961,-77.19390997495985,0.0,1.2517354574109734,2430243,19.293614690261272,0.0
201803,경기도,412287,-4.59455456771154,0.0,0.7663665307461708,26192213,63.52907804514816,0.0
201803,경상남도,106862,21.771730707871818,0.0,0.8537515631046895,3656295,34.21510920626603,0.0
201803,경상북도,74851,32.9242954307329,0.0,0.5159974656142435,1586576,21.196456961162845,0.0
201803,광주광역시,21379,33.47693076106637,0.0,0.35725159408839596,951226,44.493474905280884,0.0
201803,대구광역시,52036,30.957594060651815,0.0,0.5484210603973513,2837005,54.52004381581982,0.0
201803,대전광역시,25132,20.89667115643641,0.0,0.3065688960897096,2138818,85.10337418430686,0.0
201803,부산광역시,269389,31.311265250812802,0.0,1.9954060824594124,26550901,98.55970733771609,0.0
201803,서울특별시,1350586,7.328551470716782,0.0,2.373641097914413,245123067,181.49386044280038,0.0
201803,세종특별자치시,7959,47.3070516379789,0.0,0.353286622026815,53044,6.6646563638648075,0.0
201803,울산광역시,50700,28.951852888063677,0.0,1.2609104818219983,1264436,24.93956607495069,0.0
201803,인천광역시,364127,-9.665855431430781,0.0,2.7090559457806402,42227997,115.97051852787627,0.0
201803,전라남도,77173,24.984614387976546,0.0,0.819431395967157,573942,7.437082917600716,0.0
201803,전라북도,40194,32.047701961299644,0.0,0.5314322319452992,1102672,27.433746330298053,0.0
201803,제주특별자치도,220147,20.76679594713946,0.0,5.000296410435555,15686390,71.25416199176006,0.0
201803,충청남도,64538,13.065872459705673,0.0,0.4776576022888013,1715796,26.58582540518764,0.0
201803,충청북도,38879,38.23152954561615,0.0,0.42459322966060936,1040033,26.75050798631652,0.0
201804,강원도,84359,-33.027683171775394,0.0,0.9344285047936551,830614,9.846181201768632,0.0
201804,경기도,485914,17.85819101742232,0.0,1.066805993647912,26086303,53.685020394555416,0.0
201804,경상남도,131418,22.979169396043496,0.0,1.1223749822891451,3780807,28.769323836917316,0.0
201804,경상북도,91990,22.89748967949661,0.0,0.7214165832960887,1968340,21.397325796282203,0.0
201804,광주광역시,21215,-0.7671079096309485,0.0,0.4510409553266417,1233633,58.149092623144,0.0
201804,대구광역시,57565,10.625336305634558,0.0,0.7289049660631521,3266775,56.74932684791106,0.0
201804,대전광역시,23835,-5.1607512334871934,0.0,0.3815096128097595,2266002,95.0703587161737,0.0
201804,부산광역시,318152,18.10133301656711,0.0,2.9231237526958216,28377838,89.19584978249391,0.0
201804,서울특별시,1537003,13.802675283173382,0.0,3.368364769918672,258327223,168.07203564339173,0.0
201804,세종특별자치시,5742,-27.855258198266107,0.0,0.32099426604286524,46764,8.144200626959247,0.0
201804,울산광역시,46613,-8.061143984220909,0.0,1.3463568098278589,1039309,22.296548173256387,0.0
201804,인천광역시,392642,7.831058943720182,0.0,3.383538373415989,42795100,108.9926701677355,0.0
201804,전라남도,102664,33.0309823383826,0.0,1.1189412390183782,660372,6.4323618795293385,0.0
201804,전라북도,43168,7.3991142956660205,0.0,0.6337924981449296,910667,21.095881208302448,0.0
201804,제주특별자치도,307812,39.82111952468124,0.0,6.592569191970572,16594216,53.910230920172054,0.0
201804,충청남도,71656,11.029161114382235,0.0,0.6044322557766738,1529163,21.34033437534889,0.0
201804,충청북도,36909,-5.067002752128403,0.0,0.45806540249104477,926042,25.089869679481968,0.0
201805,강원도,67325,-20.192273497789216,0.0,0.5934070253927085,967067,14.364158930560713,0.0
201805,경기도,478256,-1.5759990450985195,0.0,0.9028550533244142,26986219,56.42630515874343,0.0
201805,경상남도,122153,-7.0500235888538825,0.0,0.9452742593863275,3780692,30.950463762658305,0.0
201805,경상북도,118536,28.85748450918577,0.0,0.8173099033598749,1706099,14.393087332118512,0.0
201805,광주광역시,23750,11.949092623144008,0.0,0.44634257497380675,1835895,77.30084210526316,0.0
201805,대구광역시,49261,-14.425432120211934,0.0,0.547657521994518,2684061,54.48653092710258,0.0
201805,대전광역시,25082,5.231801971890082,0.0,0.3655202564849898,2234919,89.1044972490232,0.0
201805,부산광역시,317102,-0.33003092861273453,0.0,2.535511124554859,32879269,103.68672856052626,0.0
201805,서울특별시,1446624,-5.880209732837216,0.0,2.922818033128439,271009363,187.3391862709315,0.0
201805,세종특별자치시,5978,4.110066179031691,0.0,0.3104320863601501,62892,10.52057544329207,0.0
201805,울산광역시,58157,24.765623323965414,0.0,1.452366973329361,983937,16.918634042333682,0.0
201805,인천광역시,390702,-0.4940887627915558,0.0,2.9202672460630597,44363381,113.54787280331301,0.0
201805,전라남도,123021,19.828761786020422,0.0,1.198432367347416,707047,5.747368335487437,0.0
201805,전라북도,44936,4.09562638991845,0.0,0.5740643412989829,980673,21.823771586256008,0.0
201805,제주특별자치도,314779,2.263394539524133,0.0,6.697027984934511,17475796,55.51766795116574,0.0
201805,충청남도,80198,11.920844032600208,0.0,0.6120164100801464,1742211,21.7238709194743,0.0
201805,충청북도,46730,26.6086862282912,0.0,0.5089513021932393,1117026,23.903830515728654,0.0
201806,강원도,64414,-4.323802450798365,0.0,0.6037293177438815,961512,14.927065544757351,0.0
201806,경기도,445337,-6.883133719179691,0.0,0.9195992210342878,25653220,57.604061643205036,0.0
201806,경상남도,120870,-1.0503221369921323,0.0,1.076360794499776,3492451,28.89427484073798,0.0
201806,경상북도,118203,-0.28092731322130193,0.0,0.9250110536797994,1526390,12.91329323282827,0.0
201806,광주광역시,22266,-6.248421052631581,0.0,0.46348528612191914,1077268,48.38174795652564,0.0
201806,대구광역시,49960,1.4189724122531056,0.0,0.6278124956803334,2784431,55.7332065652522,0.0
201806,대전광역시,25997,3.6480344470138037,0.0,0.40323987894582797,2183212,83.9793822364119,0.0
201806,부산광역시,307320,-3.0848118271092573,0.0,2.6857119286438884,29238886,95.1415007158662,0.0
201806,서울특별시,1312630,-9.262531245161142,0.0,2.703489635991452,240080012,182.89998857256043,0.0
201806,세종특별자치시,5225,-12.596186015389765,0.0,0.29203860834241124,54294,10.391196172248804,0.0
201806,울산광역시,51197,-11.967604931478581,0.0,1.4305221460318986,965786,18.864113131628805,0.0
201806,인천광역시,349135,-10.639054829512007,0.0,2.811305808005532,39777100,113.93042805791455,0.0
201806,전라남도,114686,-6.775266011493974,0.0,1.3627315277728762,576741,5.028870132361404,0.0
201806,전라북도,40543,-9.776126045931989,0.0,0.617212249127647,870094,21.461016698320304,0.0
201806,제주특별자치도,365283,16.044272330746324,0.0,7.853732739205453,19550439,53.521349200482916,0.0
201806,충청남도,71168,-11.25963240978578,0.0,0.6094913409032167,1538471,21.617454473920862,0.0
201806,충청북도,41266,-11.692702760539264,0.0,0.5024141837954929,993781,24.082319585130616,0.0
201807,강원도,91522,42.084019002080296,0.0,0.67269521295792,1101975,12.040547627892748,0.0
201807,경기도,638262,43.32112535001582,0.0,1.201390413146866,25560766,40.04745073339788,0.0
201807,경상남도,135507,12.109704641350216,0.0,1.0336357445271243,3222507,23.781110938918285,0.0
201807,경상북도,115081,-2.641218919993571,0.0,0.7982114337453506,1702255,14.791798819961592,0.0
201807,광주광역시,29708,33.42315638192761,0.0,0.5502472945588158,976712,32.877070149454696,0.0
201807,대구광역시,67108,34.32345876701361,0.0,0.7654043790282302,3321971,49.501862669130354,0.0
201807,대전광역시,40632,56.29495711043582,0.0,0.5925604438778234,2475161,60.91654361094704,0.0
201807,부산광역시,346683,12.8084732526357,0.0,2.751155649164507,29299649,84.51423634847974,0.0
201807,서울특별시,1824466,38.99316639113841,0.0,3.4104157102245964,227383436,124.63013067933302,0.0
201807,세종특별자치시,8500,62.67942583732058,0.0,0.4517537612486687,56014,6.589882352941176,0.0
201807,울산광역시,59640,16.491200656288463,0.0,1.462678521458627,1013695,16.996898054996645,0.0
201807,인천광역시,505705,44.845117218268,0.0,3.72915249597813,42864090,84.76105634707982,0.0
201807,전라남도,147085,28.250178748931877,0.0,1.5186160950694871,762903,5.186817146547915,0.0
201807,전라북도,60686,49.683052561477936,0.0,0.810866568716686,949469,15.645601951026595,0.0
201807,제주특별자치도,429641,17.618668265427083,0.0,8.413957768547766,19130087,44.52574824097328,0.0
201807,충청남도,108436,52.36623201438848,0.0,0.847673198201966,1560009,14.386449149728872,0.0
201807,충청북도,63509,53.90151698735035,0.0,0.7079586236202615,1155804,18.199058401171488,0.0
201808,강원도,103722,13.330128275168818,0.0,0.6156544395652325,1255223,12.101800967972078,0.0
201808,경기도,642457,0.6572536043192301,0.0,1.2448980952191242,25061719,39.00917726789497,0.0
201808,경상남도,145048,7.040964673411709,0.0,1.0428787618208935,2985190,20.580704318570405,0.0
201808,경상북도,122354,6.319896420781879,0.0,0.7810296244714019,1654698,13.52385700508361,0.0
201808,광주광역시,29601,-0.3601723441497229,0.0,0.5471391595893711,987416,33.35752170534779,0.0
201808,대구광역시,76239,13.606425463432071,0.0,0.8698548222467604,3041890,39.899395322603915,0.0
201808,대전광역시,52609,29.476767080133893,0.0,0.7559468180370816,2577507,48.99365127639757,0.0
201808,부산광역시,383917,10.74007090050564,0.0,2.795984535154107,30824848,80.29039610124063,0.0
201808,서울특별시,2054356,12.60039924010643,0.0,4.01401174893421,241545629,117.57729867656823,0.0
201808,세종특별자치시,9329,9.752941176470586,0.0,0.5048433356783376,70156,7.520205809840283,0.0
201808,울산광역시,66156,10.925553319919512,0.0,1.5915092562588273,898527,13.581942680935969,0.0
201808,인천광역시,558238,10.388072097369028,0.0,4.144440320743888,39832637,71.35421988470867,0.0
201808,전라남도,144403,-1.8234354284937249,0.0,1.348205863770736,592641,4.104076785108343,0.0
201808,전라북도,61717,1.6989091388458721,0.0,0.7335261765811216,826261,13.387899606267316,0.0
201808,제주특별자치도,466492,8.577160932033955,0.0,8.31229979531613,26600987,57.02345806573317,0.0
201808,충청남도,116067,7.037330775757122,0.0,0.8528956839805708,1473073,12.691574693926784,0.0
201808,충청북도,62469,-1.6375631800217283,0.0,0.6600574630057598,1016728,16.27572075749572,0.0
201809,강원도,105889,2.089238541485905,0.0,0.8410278030262355,1142462,10.789241564279576,0.0
201809,경기도,643745,0.20048034343154164,0.0,1.140672269881381,26792069,41.619071216087114,0.0
201809,경상남도,175504,20.997187138050855,0.0,1.221444258451993,3844479,21.90536398030814,0.0
201809,경상북도,127900,4.5327492358239185,0.0,0.7132036410523585,1668403,13.044589523064895,0.0
201809,광주광역시,41205,39.20137833181312,0.0,0.6572635155343407,1076756,26.131683048173766,0.0
201809,대구광역시,67462,-11.512480488988574,0.0,0.6673202505116778,2634494,39.051525303133616,0.0
201809,대전광역시,41738,-20.663764755079928,0.0,0.5221853716783058,2473019,59.25101825674445,0.0
201809,부산광역시,383191,-0.1891033739063408,0.0,2.676962035008388,29415396,76.76431857741962,0.0
201809,서울특별시,2018104,-1.7646405978321233,0.0,3.738628846092214,264243152,130.93634024807443,0.0
201809,세종특별자치시,9673,3.6874263050702183,0.0,0.4005182349041725,63854,6.601261242634136,0.0
201809,울산광역시,68790,3.9814982768002993,0.0,1.6609354454102987,1050182,15.26649222270679,0.0
201809,인천광역시,651976,16.791762653205254,0.0,3.998612945409442,41094549,63.03076953752899,0.0
201809,전라남도,177048,22.606871048385415,0.0,1.4633825803020115,769340,4.345375265464733,0.0
201809,전라북도,82056,32.95526354164979,0.0,0.8423419520701927,1174960,14.3190016574047,0.0
201809,제주특별자치도,460155,-1.3584370149970382,0.0,9.770589518032663,22325092,48.51646075778814,0.0
201809,충청남도,131066,12.922708435644935,0.0,0.8295050804069186,1739809,13.274296919109457,0.0
201809,충청북도,69832,11.786646176503556,0.0,0.6606948175969695,1674867,23.984233589185475,0.0
201810,강원도,152450,43.97151734363342,0.0,1.3793818559666569,1378243,9.040623155132831,0.0
201810,경기도,790875,22.85532314814096,0.0,1.5303441484941667,30094115,38.05167061798641,0.0
201810,경상남도,181801,3.5879524113410444,0.0,1.4965323938212813,3979329,21.888377951716436,0.0
201810,경상북도,170147,33.031274433150905,0.0,1.2215603495554956,1597930,9.391467378208255,0.0
201810,광주광역시,37544,-8.884844072321318,0.0,0.7314982230812395,1226811,32.67661943319838,0.0
201810,대구광역시,68249,1.1665826687616843,0.0,0.8137895772834793,3525530,51.65687409339331,0.0
201810,대전광역시,46411,11.196032392543964,0.0,0.6842466549153534,2872751,61.898062959212254,0.0
201810,부산광역시,502394,31.10798531280745,0.0,4.16700707860534,38042657,75.72275345645052,0.0
201810,서울특별시,2572219,27.457207358986444,0.0,4.769215046252441,289895010,112.70230489705581,0.0
201810,세종특별자치시,8782,-9.21120645094593,0.0,0.4269178977866577,63786,7.263265770895012,0.0
201810,울산광역시,78253,13.75635993603721,0.0,2.013708130308298,952767,12.175469311080725,0.0
201810,인천광역시,781217,19.822968943642106,0.0,5.274554790203612,43801719,56.06856865634004,0.0
201810,전라남도,164976,-6.818489901043789,0.0,1.7480904366814172,755960,4.582242265541654,0.0
201810,전라북도,86666,5.618114458418644,0.0,1.138257745651811,1102984,12.726836360279695,0.0
201810,제주특별자치도,506418,10.053786224207052,0.0,10.655424162966648,20779832,41.0329648630183,0.0
201810,충청남도,136548,4.182625547434116,0.0,1.0505462882244232,1725480,12.636435539151067,0.0
201810,충청북도,71223,1.9919234734792068,0.0,0.8074323271085515,1779588,24.98614211701276,0.0
201811,강원도,122343,-19.748770088553623,0.0,1.39321672461345,896113,7.324595604162069,0.0
201811,경기도,672715,-14.94041409830883,0.0,1.456966654400293,29362416,43.647630868941526,0.0
201811,경상남도,158380,-12.882767421521335,0.0,1.3908740815471283,3859449,24.36828513701225,0.0
201811,경상북도,125345,-26.33134877488289,0.0,0.9705884106578963,1587886,12.668123977821214,0.0
201811,광주광역시,31604,-15.82143618154699,0.0,0.641393417254587,1036095,32.78366662447792,0.0
201811,대구광역시,69123,1.2806048440270112,0.0,0.8328181659253117,3330408,48.180894926435485,0.0
201811,대전광역시,33076,-28.73241257460516,0.0,0.5226680976989235,2235195,67.577548675777,0.0
201811,부산광역시,379224,-24.516614450013343,0.0,3.329172716066052,31532160,83.14916777419151,0.0
201811,서울특별시,2210090,-14.078466880152895,0.0,4.530851298759712,278416203,125.97505214719763,0.0
201811,세종특별자치시,8262,-5.921202459576403,0.0,0.43402385607764726,59276,7.174534011135318,0.0
201811,울산광역시,77248,-1.2842958097453172,0.0,2.1272564648240433,1102979,14.278414975144987,0.0
201811,인천광역시,696767,-10.810056616791497,0.0,5.1945072789915026,46997447,67.45073604232118,0.0
201811,전라남도,162548,-1.4717292212200528,0.0,1.8283513006255951,750078,4.6145015626153505,0.0
201811,전라북도,75191,-13.2404864652805,0.0,1.018114451115788,1110812,14.773204239869134,0.0
201811,제주특별자치도,372379,-26.468056032763442,0.0,8.890297474096357,16878040,45.324897483477855,0.0
201811,충청남도,119834,-12.24038433371415,0.0,1.0167352273294195,1787357,14.91527446300716,0.0
201811,충청북도,56386,-20.831753787400142,0.0,0.6921518722569434,1371439,24.32233178448551,0.0
201812,강원도,188229,53.853510213089436,0.0,1.8661694682821386,3365105,17.877718098698924,0.0
201812,경기도,722658,7.424094899028555,0.0,1.5113880832703395,29525875,40.85732808603793,0.0
201812,경상남도,153785,-2.901250157848212,0.0,1.2901413186496793,3457525,22.482849432649477,0.0
201812,경상북도,97429,-22.271331126091987,0.0,0.7855758948041559,1270038,13.035523304149688,0.0
201812,광주광역시,29341,-7.160486014428558,0.0,0.5388960794350564,887315,30.241470979175897,0.0
201812,대구광역시,62312,-9.853449647729406,0.0,0.6814940547540094,3141015,50.407866863525484,0.0
201812,대전광역시,29122,-11.954287096384085,0.0,0.42269280660214753,1982775,68.08512464803242,0.0
201812,부산광역시,323465,-14.703447039216933,0.0,2.55679444618385,26337297,81.42240118714544,0.0
201812,서울특별시,2179938,-1.364288332149366,0.0,4.129546888303605,307149455,140.89825261085406,0.0
201812,세종특별자치시,8025,-2.8685548293391427,0.0,0.41674607778325357,53841,6.709158878504673,0.0
201812,울산광역시,64421,-16.604960646230328,0.0,1.651780277147095,998176,15.494574750469567,0.0
201812,인천광역시,674482,-3.198343205117349,0.0,4.72552282001506,42055497,62.352289608914695,0.0
201812,전라남도,139986,-13.880207692496981,0.0,1.6697608043135668,569703,4.06971411426857,0.0
201812,전라북도,54076,-28.081818302722404,0.0,0.8268046407231406,1111001,20.545177158073823,0.0
201812,제주특별자치도,379421,1.891084083688921,0.0,9.221607212385145,17612946,46.42058821203887,0.0
201812,충청남도,106767,-10.904250880384536,0.0,0.9845454208452851,1798038,16.840765405040884,0.0
201812,충청북도,47076,-16.511190721100988,0.0,0.6403878566269043,1264066,26.85160166539213,0.0
201901,강원도,160903,-14.517422926329104,68.4,1.4728559269857875,2463080,15.307856286085405,-52.1361717495183
201901,경기도,654780,-9.392824821699897,74.9,1.4047756364473778,22288150,34.03914291823208,-42.26159412892435
201901,경상남도,158612,3.1387976720746558,82.4,1.4141185037939372,2633689,16.604601165107304,-50.87121371426997
201901,경상북도,89099,-8.549815763273772,49.9,0.7345305188489983,986394,11.070763981638402,-44.44126027340655
201901,광주광역시,25293,-13.796394124262978,63.3,0.4896679539011685,532052,21.03554343098881,-64.45250777953282
201901,대구광역시,56553,-9.24220053922198,67.7,0.6628028851433494,2319791,41.0197690661857,-30.38526604888192
201901,대전광역시,32292,10.88524139825562,56.1,0.485018818285564,1521889,47.128979313761924,-42.59929338911679
201901,부산광역시,294616,-8.91873927627409,68.4,2.4615450427835235,24020010,81.52988975479947,-30.430051823246007
201901,서울특별시,1881982,-13.668095147660164,66.0,3.6866026344808422,213418644,113.40100170989946,-41.72907698980123
201901,세종특별자치시,7030,-12.398753894080993,44.9,0.3699077177588328,38717,5.507396870554765,-40.4509569039452
201901,울산광역시,72548,12.615451483211992,81.3,1.9072611736906904,870952,12.00518277554171,-51.45293386612075
201901,인천광역시,664603,-1.464679561500526,88.7,4.715040044315217,39630894,59.630928539293386,-42.295131737548516
201901,전라남도,136720,-2.333090451902331,110.0,1.7104177224897286,415504,3.0390871854885897,-53.951274240371525
201901,전라북도,51495,-4.7729121976477495,92.7,0.8067175548601618,763634,14.829284396543354,-37.169348299107085
201901,제주특별자치도,312594,-17.6128891126216,96.6,6.826947961540351,6396405,20.462340927848903,-52.52809385308337
201901,충청남도,112279,5.162643888092755,117.0,1.0711820553464892,1323593,11.788428824624374,-50.47091038630697
201901,충청북도,44321,-5.8522389327895326,59.2,0.6069607182571637,923882,20.845242661492296,-13.493521735415726
201902,강원도,186674,16.016481979826345,-66.2,1.7154126436077093,3695713,19.79768473381403,-12.082837224301802
201902,경기도,680858,3.982711750511614,57.6,1.5547486125370384,21132554,31.038122486627167,-40.40665699449141
201902,경상남도,144381,-8.972208912314327,64.5,1.1219526409959029,2414238,16.721299894030377,-46.34863308048541
201902,경상북도,97651,9.598311990033558,73.4,0.6553460624641417,1012848,10.372121125231692,-48.1215675252971
201902,광주광역시,25151,-0.5614201557743281,57.0,0.4530101281112138,557051,22.148264482525544,-38.5320496984011
201902,대구광역시,58460,3.372058069421602,47.1,0.621575275466511,2598491,44.44904208005474,-3.619426313814833
201902,대전광역시,35989,11.448656013873414,73.1,0.5266050487009803,1616463,44.91547417266387,-64.06092660317194
201902,부산광역시,312050,5.917533331523073,52.1,2.3660738149822023,21817571,69.91690754686749,-34.56069282818039
201902,서울특별시,1832432,-2.632862588483842,45.6,4.006059529258623,202083702,110.28169230836397,-34.98440209509462
201902,세종특별자치시,7519,6.955903271692754,39.2,0.3892101967998733,39369,5.235935629737997,-49.96947527195261
201902,울산광역시,68819,-5.14004521144622,75.0,1.7495561218575157,884195,12.848123338031648,-64.18706640860232
201902,인천광역시,649885,-2.2145551554837994,61.2,4.886225533346947,35329756,54.363088854181896,-43.15020269010075
201902,전라남도,121588,-11.06787595084845,96.9,1.20366508633734,437780,3.600519788136987,-44.25711026627926
201902,전라북도,51424,-0.13787746383143729,68.9,0.6405348286453493,750094,14.586457685127566,-30.266749361151735
201902,제주특별자치도,355574,13.749464161180324,95.1,8.31653415606617,10448749,29.38558218542413,-26.24945307730916
201902,충청남도,114066,1.5915709972479375,99.8,0.9321363455950294,1112558,9.753633861097962,-52.285634391160215
201902,충청북도,50899,14.841722885313956,81.0,0.6211788815533829,866747,17.028762844063735,-39.600593746302
201903,강원도,117098,-37.27139290956427,-7.0,1.0351375532130342,753656,6.436113340962271,-66.64122589630136
201903,경기도,676654,-0.6174562096648684,64.1,1.1004815076206653,27083333,40.02537929281435,-36.99675719460379
201903,경상남도,174382,20.779049874983556,63.2,1.2363209020629264,3303537,18.944254567558577,-44.631903837123524
201903,경상북도,127207,30.26697115236916,69.9,0.7991908512258674,1542520,12.12606224500224,-42.79203233247808
201903,광주광역시,35300,40.35227227545624,65.1,0.5614588259021156,830686,23.532181303116147,-47.11093850679858
201903,대구광역시,84394,44.361956893602475,62.2,0.8303774451877485,3590525,42.544789913974924,-21.96486477945583
201903,대전광역시,32918,-8.533162910889436,31.0,0.3844347712246404,1984170,60.27614071328756,-29.173030692357038
201903,부산광역시,400192,28.246114404742826,48.6,2.759872690224166,27132071,67.79763463537502,-31.21161124894014
201903,서울특별시,2039574,11.304212107188704,51.0,3.246853941336294,256181912,125.60559803174584,-30.793472723926264
201903,세종특별자치시,8464,12.568160659662198,6.3,0.32884653116252144,65966,7.793714555765596,16.940981353854113
201903,울산광역시,75588,9.835946468271839,49.1,1.6729730351840475,1172249,15.50840080436048,-37.81607603855978
201903,인천광역시,649051,-0.12833039691637627,78.2,3.9928459236923133,37651259,58.00970801986285,-49.978918128301
201903,전라남도,170034,39.844392538737374,120.3,1.6108146278573334,575502,3.3846289565616288,-54.4898316441852
201903,전라북도,81428,58.34629744866211,102.6,1.0062598984892015,1048193,12.872635948322444,-53.07736758466051
201903,제주특별자치도,406773,14.398971803337712,84.8,8.381086168559198,9493255,23.337967367548977,-67.24687131925316
201903,충청남도,136111,19.32653025441411,110.9,0.9243777491393999,1664082,12.225918551770246,-54.01339486196797
201903,충청북도,59556,17.00819269533782,53.2,0.610692283011514,1253955,21.05505742494459,-21.290999648624542
201904,강원도,167687,43.20227501750671,98.8,1.8565848104309848,919996,5.486388330639823,-44.27902332678659
201904,경기도,802849,18.64985649977684,65.2,1.7765036766491538,28399893,35.373890980744825,-34.10845200250245
201904,경상남도,202375,16.05268892431557,54.0,1.7350592217829646,3281835,16.216602841260038,-43.63231150934941
201904,경상북도,155745,22.43429999921387,69.3,1.209894214950764,1765725,11.33728209573341,-47.015425181294056
201904,광주광역시,30818,-12.69688385269122,45.3,0.6547324271435433,885553,28.73492763969109,-50.58404810214654
201904,대구광역시,92707,9.850226319406596,61.0,1.1734283481161063,3981835,42.95074805570238,-24.314964702910135
201904,대전광역시,35658,8.323713469834138,49.6,0.5856714008629857,2481524,69.59234954287957,-26.799109120180187
201904,부산광역시,504583,26.085229090036787,58.6,4.676985609952397,33310363,66.01562676507136,-25.988006251353667
201904,서울특별시,2353254,15.379682227759318,53.1,5.151975972358965,292474752,124.28524587656071,-26.052394498116282
201904,세종특별자치시,8277,-2.2093572778827952,44.1,0.4305244262925226,60704,7.334058233659539,-9.947475883857082
201904,울산광역시,74575,-1.3401598137270487,60.0,2.1777219699513792,1005855,13.487831042574589,-39.507088999755666
201904,인천광역시,754061,16.179005964092184,92.0,5.832873535353598,44982283,59.653374196517255,-45.268453277901145
201904,전라남도,176263,3.6633849700648202,71.7,1.8992701414191917,626598,3.5549037517800106,-44.734083399547075
201904,전라북도,84572,3.861079726875283,95.9,1.2615847647961582,1181091,13.965508678995413,-33.799832578223
201904,제주특별자치도,495204,21.739643486662086,60.9,10.82293885001521,14868555,30.02511086340175,-44.305356606871825
201904,충청남도,146182,7.3991080809045595,104.0,1.1777089129785887,1476096,10.097659082513578,-52.68275133412246
201904,충청북도,60848,2.169386795620931,64.9,0.7414285122446344,1210249,19.8897087825401,-20.72613753428326
201905,강원도,104681,-37.573574576443015,55.5,1.007232704614319,998455,9.538072811685025,-33.59811139800094
201905,경기도,705068,-12.17925164009671,47.4,1.3214497540859877,30022396,42.58085177599891,-24.537231959089432
201905,경상남도,184710,-8.728844966028415,51.2,1.400714758100861,3686830,19.960099615613665,-35.50952978063127
201905,경상북도,157294,0.9945744646698174,32.7,1.0919018678065269,1646882,10.470087860948288,-27.25613609260855
201905,광주광역시,29845,-3.157245765461747,25.7,0.5740795347811025,989034,33.139018261015245,-57.12980950985149
201905,대구광역시,79748,-13.97844822936779,61.9,0.9313952662677665,3628043,45.49384310578322,-16.504423512208287
201905,대전광역시,30110,-15.558920859274217,20.0,0.45252003765038856,2440173,81.04194619727666,-9.048422134310307
201905,부산광역시,467262,-7.396404555841163,47.4,3.4719390933868564,32614978,69.80019346747649,-32.68165131979141
201905,서울특별시,2053610,-12.733177124101347,42.0,3.8176685472657725,309611617,150.7645643525304,-19.52320955718605
201905,세종특별자치시,9503,14.812129998791823,59.0,0.45051002969109033,66014,6.946648426812586,-33.97083206848941
201905,울산광역시,81085,8.729466979550793,39.4,1.9218298636030524,1126632,13.894456434605662,-17.874833158285387
201905,인천광역시,709345,-5.9300242288090725,81.6,4.845526451528375,46181679,65.10467966927236,-42.663232641930406
201905,전라남도,186344,5.7192944633871035,51.5,1.8155856999145035,639243,3.4304458420984845,-40.31275460601662
201905,전라북도,68238,-19.31372085323748,51.9,0.88402722997676,1220346,17.88367185439198,-18.054165002099776
201905,제주특별자치도,472709,-4.542572354019758,50.2,9.973977844982397,15402934,32.58438912734896,-41.308073033595846
201905,충청남도,138452,-5.287928746357284,72.6,1.039345158200386,1405484,10.15141709762228,-53.27068027953493
201905,충청북도,60555,-0.4815277412569041,29.6,0.6635911309902921,1178593,19.46318223102964,-18.577140938884572
201906,강원도,119058,13.73410647586477,84.8,1.0330627275535456,1378922,11.58193485528062,-22.409834534769622
201906,경기도,660582,-6.3094623497308095,48.3,1.216368546363889,28896658,43.744240684729526,-24.060492547074432
201906,경상남도,166507,-9.854907693140602,37.8,1.470194927290218,3397282,20.403238302293598,-29.38657081808085
201906,경상북도,136651,-13.123831805408981,15.6,1.054574791455792,1796315,13.145275190082765,1.7964585258913646
201906,광주광역시,32735,9.683364047579168,47.0,0.6737340653197885,1011240,30.891706124942722,-36.1500825627444
201906,대구광역시,82744,3.7568340271856293,65.6,1.053325963548078,3199607,38.66874939572658,-30.61811480297052
201906,대전광역시,31200,3.6200597808037305,20.0,0.5044053012997166,2287493,73.31708333333333,-12.696329288375729
201906,부산광역시,439977,-5.839336389434624,43.2,3.826927548038497,31681754,72.00775040513481,-24.315099232898163
201906,서울특별시,1883157,-8.300164101265572,43.5,3.532793190588245,290270810,154.1405257235589,-15.724146881284252
201906,세종특별자치시,8495,-10.607176681048092,62.6,0.44047130170028664,58299,6.862742789876398,-33.95618101981034
201906,울산광역시,85003,4.831966454954673,66.0,2.351846507866372,1052550,12.382504146912462,-34.359468369858604
201906,인천광역시,593073,-16.391459726931178,69.9,3.958231845214676,42164373,71.09474381737155,-37.59810699453199
201906,전라남도,162719,-12.678165113982743,41.9,1.818687215395273,700564,4.305360775324332,-14.387115554669016
201906,전라북도,65724,-3.6841642486591053,62.1,0.980550271253648,1170850,17.814649138822958,-16.990656177918805
201906,제주특별자치도,505781,6.996270432760965,38.5,11.027374337607746,16485532,32.59420974690627,-39.10054542008411
201906,충청남도,116818,-15.625631987981393,64.1,0.965460198176454,1471570,12.597116882672191,-41.727103448422845
201906,충청북도,57962,-4.282057633556269,40.5,0.704346528478873,1080305,18.63815948379973,-22.606460652952755
201907,강원도,130725,9.799425490097269,42.8,0.9274062760982662,1302224,9.961552878179385,-17.266612898048184
201907,경기도,768724,16.37071552055611,20.4,1.2623483603547694,27938171,36.34356544091247,-9.24874174174719
201907,경상남도,191000,14.7098920766094,41.0,1.400897263695586,3356644,17.574052356020943,-26.10079318346462
201907,경상북도,151201,10.647562037599423,31.4,1.0085780597567877,1827749,12.088207088577457,-18.277639956376547
201907,광주광역시,101334,209.55857644722772,241.1,1.734074668193555,1983780,19.576647522055776,-40.45501185761688
201907,대구광역시,90314,9.148699603596633,34.6,0.9353250978107257,3301058,36.55090019266116,-26.162576069173838
201907,대전광역시,43928,40.7948717948718,8.1,0.6130482936022366,2610010,59.4156346749226,-2.4638773755947585
201907,부산광역시,436473,-0.7964052666389332,25.9,3.1982862280530133,30486945,69.84840986727701,-17.353084065897185
201907,서울특별시,2168782,15.16734929695187,18.9,3.5887006485859163,266529296,122.89353932299328,-1.393396080766296
201907,세종특별자치시,10476,23.31959976456739,23.2,0.48256794691199817,59767,5.705135547919053,-13.425836117199363
201907,울산광역시,100842,18.633459995529567,69.1,2.2416681023224276,1154990,11.453461851212788,-32.61439932067035
201907,인천광역시,670517,13.058088970497739,32.6,4.1208192337388025,37580055,56.046386594225055,-33.877196663611464
201907,전라남도,189667,16.561065394944663,29.0,1.9132874757128084,797131,4.2027922622280105,-18.97165171852687
201907,전라북도,77956,18.611161828251465,28.5,1.0269917990576116,1200558,15.400456667863923,-1.5668638632762022
201907,제주특별자치도,524778,3.7559734351428675,22.1,10.017504643407316,20041559,38.190547240928545,-14.228174147144335
201907,충청남도,130041,11.319317228509295,19.9,0.9950879579366608,1467666,11.286178974323482,-21.549933156812486
201907,충청북도,71184,22.8114971878127,12.1,0.781037929889601,1124741,15.800474825803551,-13.179712502123397
201908,강원도,126678,-3.0958118187033867,22.1,0.6293343179215861,1389331,10.967421335985728,-9.37364310476212
201908,경기도,782599,1.8049390938750465,21.8,1.131165057992085,28923388,36.958120314490564,-5.257883136880337
201908,경상남도,195853,2.5408376963350854,35.0,1.3164308486812637,3215340,16.417108749929795,-20.2305786244823
201908,경상북도,160126,5.9027387385004015,30.9,0.9341173277871758,1622769,10.134325468693405,-25.063349421071834
201908,광주광역시,63378,-37.456332524128136,114.1,1.1105632299800554,1446126,22.817476095806114,-31.597208277771806
201908,대구광역시,86969,-3.7037447128905776,14.1,0.947675341023209,3365389,38.69642056364911,-3.015020025311732
201908,대전광역시,59545,35.55135676561647,13.2,0.8485132102014243,2566339,43.099151901922916,-12.031149385500683
201908,부산광역시,470346,7.760617495240263,22.5,3.3730307564789492,31834444,67.6830333414125,-15.702205210111464
201908,서울특별시,2419735,11.571149151920302,17.8,3.7076673810939216,283958973,117.35126904392423,-0.19223917813060432
201908,세종특별자치시,11926,13.841160748377245,27.8,0.5649101998359174,53186,4.459667952372967,-40.697527898273265
201908,울산광역시,94963,-5.829912139783023,43.5,2.1796862232390914,1040579,10.957730905721176,-19.321328596815658
201908,인천광역시,775568,15.667164292627934,38.9,4.150487383972474,47372127,61.080559022548634,-14.398112513541328
201908,전라남도,204374,7.754116425102953,41.5,1.7148952820031653,744945,3.645008660592835,-11.185661198670505
201908,전라북도,81031,3.944532813381918,31.3,0.8819190967030913,1129866,13.94362651330972,4.150964104796917
201908,제주특별자치도,615201,17.230714702216932,31.9,10.31485576578877,21910727,35.61555816716813,-37.54226878679879
201908,충청남도,148615,14.283187610061443,28.0,1.0095906183580348,1446231,9.731393197187364,-23.323989088256603
201908,충청북도,74344,4.439199820184303,19.0,0.7414083927222624,913130,12.28249757882277,-24.534846954988986
201909,강원도,121533,-4.0614787097996485,14.8,0.9752738511484603,1044151,8.591501896604214,-20.369732706249877
201909,경기도,833587,6.515214049596274,29.5,1.3593189731828732,26941401,32.31984303977869,-22.343670592807396
201909,경상남도,190332,-2.818950947904808,8.4,1.4009759693889268,2992474,15.722390349494567,-28.22584293222321
201909,경상북도,161730,1.0017111524674327,26.5,0.9449206440183685,1468493,9.07990477957089,-30.39332695355278
201909,광주광역시,43203,-31.832812647921994,4.8,0.709770045545344,903663,20.916672453301853,-19.956657920800737
201909,대구광역시,91667,5.401924823787785,35.9,0.9296681553135159,3607616,39.35566779757165,0.7788235979956148
201909,대전광역시,52040,-12.603913006969513,24.7,0.6699124724082697,2335296,44.8750192159877,-24.262872544169912
201909,부산광역시,468581,-0.37525566285245837,22.3,3.387296126889817,28254193,60.297350938258276,-21.451330441439143
201909,서울특별시,2375600,-1.8239600617423024,17.7,3.964530370120017,280475030,118.06492254588315,-9.830286746830442
201909,세종특별자치시,12582,5.500586952876074,30.1,0.5453297203397324,66239,5.264584326816086,-20.248811048184912
201909,울산광역시,100791,6.1371270916041,46.5,2.389180596698986,1037049,10.289103193737535,-32.60335744688015
201909,인천광역시,776906,0.17251872176262673,19.2,4.596905015149729,44811070,57.67888264474724,-8.490911553277481
201909,전라남도,192584,-5.7688355661679065,8.8,1.7100502926195964,610311,3.1690638890042786,-27.070420955568476
201909,전라북도,86602,6.875146548851685,5.5,0.9298397362666057,1153688,13.321724671485647,-6.964710318357536
201909,제주특별자치도,531940,-13.53395069253789,15.6,11.241901008546076,15282009,28.72882091965259,-40.785414947975404
201909,충청남도,168374,13.295427783198189,28.5,1.1191987851760368,1293103,7.679944647035765,-42.14424542530878
201909,충청북도,89997,21.054826213278808,28.9,0.8832186108608302,959865,10.665522184072803,-55.53111111758893
201910,강원도,188924,55.45078291492847,23.9,1.5646899719261205,1718500,9.096250344053693,0.6153025954773961
201910,경기도,918197,10.150110306422722,16.1,1.5585160705903152,32049364,34.904670784156345,-8.270332899240774
201910,경상남도,204239,7.3067061765756725,12.3,1.61073506866754,3684181,18.0385773530031,-17.58833206921778
201910,경상북도,197157,21.905026896679658,15.9,1.3530530525515658,1886217,9.567081057228503,1.8699280096285964
201910,광주광역시,39411,-8.777168252204703,5.0,0.7264858479871082,996414,25.282636827281724,-22.62774648715532
201910,대구광역시,96805,5.605070527016265,41.8,1.1315786120712863,3652492,37.73040648726822,-26.95956317632899
201910,대전광역시,48352,-7.086856264411989,4.2,0.7024252935863742,3011396,62.28069159497022,0.6181593049367384
201910,부산광역시,547140,16.765297782027023,8.9,4.478010288276516,33610281,61.42903278868297,-18.87638789573086
201910,서울특별시,2906496,22.347870011786487,13.0,4.91085389754473,339998278,116.97875311027437,3.794463846258278
201910,세종특별자치시,9512,-24.399936417103795,8.3,0.43375737768310996,75629,7.9509041211101765,9.467343918084792
201910,울산광역시,102866,2.0587155599210316,31.5,2.5196235530645468,1317430,12.807244376178717,5.188917560023931
201910,인천광역시,881876,13.511287079775425,12.9,5.419624910451459,45985328,52.144891118479244,-6.997998400690619
201910,전라남도,180680,-6.181198853487313,9.5,1.7376871430290213,832977,4.610233562098738,0.6108646146358865
201910,전라북도,96224,11.110597907669572,11.0,1.191070486730489,1312311,13.638084053874293,7.160048796090379
201910,제주특별자치도,621016,16.745497612512693,22.6,11.579407235395452,19089795,30.739618624962965,-25.08555321902268
201910,충청남도,162768,-3.3294926770166433,19.2,1.162182542371417,1646089,10.113099626462203,-19.968731727162247
201910,충청북도,82562,-8.261386490660804,15.9,0.8911577938204842,1157394,14.018483079382767,-43.89496780362203
201911,강원도,157649,-16.554275793440752,28.9,1.384170693869459,1058509,6.714340084618361,-8.33159334007384
201911,경기도,881554,-3.9907557964140583,31.0,1.485502668534067,33579253,38.09097684316559,-12.730711644947256
201911,경상남도,185963,-8.948339935076067,17.4,1.5413041463860582,3906387,21.006259309647618,-13.796727215154558
201911,경상북도,141589,-28.1846447247625,13.0,1.0184711502827772,1682731,11.884616742826067,-6.184871859218277
201911,광주광역시,41669,5.729364898124878,31.8,0.7693715208275365,1162488,27.898149703616596,-14.902289535892088
201911,대구광역시,88042,-9.052218377149945,27.4,1.0268969986456091,4173556,47.40414802026306,-1.61214711216634
201911,대전광역시,38587,-20.195648577101256,16.7,0.5671657937307948,2366942,61.34039961645114,-9.22961720504305
201911,부산광역시,460266,-15.877837482180068,21.4,3.761984087666998,30431834,66.11792745933873,-20.482754994138464
201911,서울특별시,2860170,-1.5938779891663368,29.4,4.545629511447932,297571494,104.0397927395924,-17.412383669406715
201911,세종특별자치시,9298,-2.2497897392767086,12.5,0.4456873113809883,60526,6.509571950957195,-9.26836584990831
201911,울산광역시,95423,-7.235626932125294,23.5,2.457125258978834,1143145,11.979763788604425,-16.09878400748204
201911,인천광역시,940146,6.607504909987338,34.9,5.633130895668927,44244149,47.060934152780526,-30.229176263914027
201911,전라남도,197388,9.247288023024126,21.4,1.9893646173722401,672640,3.4077046223681275,-26.152270702954304
201911,전라북도,100762,4.716079148653152,34.0,1.2290090134483314,1338671,13.28547468291618,-10.07045954822685
201911,제주특별자치도,525026,-15.45692864596081,41.0,10.772948475641723,13682398,26.060419864920977,-42.50308039986036
201911,충청남도,146408,-10.051115698417378,22.2,1.1504251075675134,1692153,11.55779055789301,-22.510372929719637
201911,충청북도,70756,-14.299556696785443,25.5,0.8078638044566779,1127067,15.928924755497768,-34.50905572442543
201912,강원도,272502,72.85361784724293,44.8,2.391715964178765,3840780,14.094502058700487,-21.161627110977697
201912,경기도,994459,12.807496761400895,37.6,1.9755206903550468,31666064,31.842503310845395,-22.064156413285254
201912,경상남도,201073,8.125272231572955,30.7,1.6406062719555403,3537608,17.59365006738846,-21.74635105709042
201912,경상북도,125496,-11.365995946012752,28.8,0.9780300179838566,1419722,11.312886466500924,-13.21494195097166
201912,광주광역시,35378,-15.097554536945934,20.6,0.6108574744743661,842405,23.81154955056815,-21.261933432521708
201912,대구광역시,76300,-13.336816519388472,22.4,0.8251487160231769,3835668,50.27087811271298,-0.27176065827857476
201912,대전광역시,43310,12.23987353253686,48.7,0.6180695508770708,2134576,49.28598476102517,-27.611229301833294
201912,부산광역시,482928,4.923674570791681,49.3,3.5308883270145626,33509173,69.38751325249312,-14.780806951382718
201912,서울특별시,2903067,1.49980595559005,33.2,5.171735696877796,310745782,107.04051336052527,-24.02992132474506
201912,세종특별자치시,11739,26.252957625295757,46.3,0.5725531510176609,60035,5.114149416474998,-23.77361292098613
201912,울산광역시,116404,21.98736153757479,80.7,2.7012476364895384,1143320,9.821999244012233,-36.610075447765524
201912,인천광역시,941491,0.14306288597727423,39.6,6.259883596301933,45392597,48.21352195613129,-22.67561903735119
201912,전라남도,189828,-3.8300200620098535,35.6,2.0769618595629438,512962,2.702246243968224,-33.60107938555076
201912,전라북도,70202,-30.32889382902284,29.8,0.9932650905140086,1207963,17.206959915671916,-16.24817939858969
201912,제주특별자치도,554198,5.556296259613802,46.1,11.004472494279321,11940389,21.545348413382943,-53.586653587911016
201912,충청남도,135321,-7.572673624392112,26.7,1.1848665327587082,1506580,11.133379150316655,-33.89030199907575
201912,충청북도,58522,-17.29040646729606,24.3,0.7614878328760485,1081161,18.474436963876833,-31.19800750028354
