기준년월,지자체,방문자 구분,방문자수,전년도 방문자수,전년 대비 방문자수 증감률
201901,서울특별시,현지인방문자(a),1.30981176E8,1.30193399E8,0.6
201901,서울특별시,외지인방문자(b),4.916724E7,4.712422E7,4.3
201901,서울특별시,외국인방문자(c),1881982.0,1133444.0,66.0
201901,서울특별시,외부방문자(b+c),5.1049223E7,4.8257665E7,5.8
201901,서울특별시,전체방문자(a+b+c),1.82030398E8,1.78451064E8,2.0
201901,부산광역시,현지인방문자(a),3.8855148E7,3.7569497E7,3.4
201901,부산광역시,외지인방문자(b),1.1674128E7,1.1834204E7,-1.4
201901,부산광역시,외국인방문자(c),294616.0,174910.0,68.4
201901,부산광역시,외부방문자(b+c),1.1968743E7,1.2009113E7,-0.3
201901,부산광역시,전체방문자(a+b+c),5.0823892E7,4.957861E7,2.5
201901,대구광역시,현지인방문자(a),3.5297808E7,3.3205616E7,6.3
201901,대구광역시,외지인방문자(b),8475848.0,8417059.0,0.7
201901,대구광역시,외국인방문자(c),56553.0,33713.0,67.7
201901,대구광역시,외부방문자(b+c),8532401.0,8450772.0,1.0
201901,대구광역시,전체방문자(a+b+c),4.3830209E7,4.1656389E7,5.2
201901,인천광역시,현지인방문자(a),3.436224E7,2.7629256E7,24.4
201901,인천광역시,외지인방문자(b),1.3430781E7,1.1899167E7,12.9
201901,인천광역시,외국인방문자(c),664603.0,352199.0,88.7
201901,인천광역시,외부방문자(b+c),1.4095384E7,1.2251366E7,15.1
201901,인천광역시,전체방문자(a+b+c),4.8457625E7,3.9880621E7,21.5
201901,광주광역시,현지인방문자(a),2.203139E7,2.1096954E7,4.4
201901,광주광역시,외지인방문자(b),5140044.0,5080523.0,1.2
201901,광주광역시,외국인방문자(c),25293.0,15493.0,63.3
201901,광주광역시,외부방문자(b+c),5165337.0,5096016.0,1.4
201901,광주광역시,전체방문자(a+b+c),2.7196728E7,2.6192969E7,3.8
201901,대전광역시,현지인방문자(a),2.1303636E7,2.0495058E7,3.9
201901,대전광역시,외지인방문자(b),6625594.0,6481178.0,2.2
201901,대전광역시,외국인방문자(c),32292.0,20689.0,56.1
201901,대전광역시,외부방문자(b+c),6657886.0,6501866.0,2.4
201901,대전광역시,전체방문자(a+b+c),2.7961522E7,2.6996925E7,3.6
201901,울산광역시,현지인방문자(a),1.4581752E7,1.432628E7,1.8
201901,울산광역시,외지인방문자(b),3731231.0,3864854.0,-3.5
201901,울산광역시,외국인방문자(c),72548.0,40012.0,81.3
201901,울산광역시,외부방문자(b+c),3803779.0,3904866.0,-2.6
201901,울산광역시,전체방문자(a+b+c),1.8385532E7,1.8231146E7,0.8
201901,세종특별자치시,현지인방문자(a),3305960.0,2557278.0,29.3
201901,세종특별자치시,외지인방문자(b),1893444.0,1634252.0,15.9
201901,세종특별자치시,외국인방문자(c),7030.0,4853.0,44.9
201901,세종특별자치시,외부방문자(b+c),1900474.0,1639105.0,15.9
201901,세종특별자치시,전체방문자(a+b+c),5206434.0,4196383.0,24.1
201901,경기도,현지인방문자(a),1.6257956E8,1.48998314E8,9.1
201901,경기도,외지인방문자(b),4.5956222E7,4.3024558E7,6.8
201901,경기도,외국인방문자(c),654780.0,374434.0,74.9
201901,경기도,외부방문자(b+c),4.6611002E7,4.3398992E7,7.4
201901,경기도,전체방문자(a+b+c),2.09190562E8,1.92397307E8,8.7
201901,강원도,현지인방문자(a),2.4953618E7,2.3443021E7,6.4
201901,강원도,외지인방문자(b),1.0763655E7,1.021637E7,5.4
201901,강원도,외국인방문자(c),160903.0,95574.0,68.4
201901,강원도,외부방문자(b+c),1.0924558E7,1.0311945E7,5.9
201901,강원도,전체방문자(a+b+c),3.5878176E7,3.3754966E7,6.3
201901,충청북도,현지인방문자(a),2.134915E7,1.9817175E7,7.7
201901,충청북도,외지인방문자(b),7257800.0,6819592.0,6.4
201901,충청북도,외국인방문자(c),44321.0,27837.0,59.2
201901,충청북도,외부방문자(b+c),7302120.0,6847430.0,6.6
201901,충청북도,전체방문자(a+b+c),2.865127E7,2.6664605E7,7.5
201901,충청남도,현지인방문자(a),2.743278E7,2.5778109E7,6.4
201901,충청남도,외지인방문자(b),1.0369506E7,9866941.0,5.1
201901,충청남도,외국인방문자(c),112279.0,51734.0,117.0
201901,충청남도,외부방문자(b+c),1.0481785E7,9918675.0,5.7
201901,충청남도,전체방문자(a+b+c),3.7914564E7,3.5696784E7,6.2
201901,전라북도,현지인방문자(a),2.6394386E7,2.4484257E7,7.8
201901,전라북도,외지인방문자(b),6331780.0,6285755.0,0.7
201901,전라북도,외국인방문자(c),51495.0,26728.0,92.7
201901,전라북도,외부방문자(b+c),6383275.0,6312483.0,1.1
201901,전라북도,전체방문자(a+b+c),3.277766E7,3.079674E7,6.4
201901,전라남도,현지인방문자(a),2.3584872E7,2.1564032E7,9.4
201901,전라남도,외지인방문자(b),7856650.0,7167216.0,9.6
201901,전라남도,외국인방문자(c),136720.0,65112.0,110.0
201901,전라남도,외부방문자(b+c),7993369.0,7232328.0,10.5
201901,전라남도,전체방문자(a+b+c),3.1578242E7,2.879636E7,9.7
201901,경상북도,현지인방문자(a),3.8406288E7,3.6411802E7,5.5
201901,경상북도,외지인방문자(b),1.2040962E7,1.1549629E7,4.3
201901,경상북도,외국인방문자(c),89099.0,59444.0,49.9
201901,경상북도,외부방문자(b+c),1.2130061E7,1.1609073E7,4.5
201901,경상북도,전체방문자(a+b+c),5.0536349E7,4.8020875E7,5.2
201901,경상남도,현지인방문자(a),4.257714E7,4.1529484E7,2.5
201901,경상남도,외지인방문자(b),1.1057704E7,1.1138715E7,-0.7
201901,경상남도,외국인방문자(c),158612.0,86978.0,82.4
201901,경상남도,외부방문자(b+c),1.1216316E7,1.1225693E7,-0.1
201901,경상남도,전체방문자(a+b+c),5.3793456E7,5.2755178E7,2.0
201901,제주특별자치도,현지인방문자(a),1.4000707E7,1.3058924E7,7.2
201901,제주특별자치도,외지인방문자(b),4266230.0,4275540.0,-0.2
201901,제주특별자치도,외국인방문자(c),312594.0,158972.0,96.6
201901,제주특별자치도,외부방문자(b+c),4578825.0,4434512.0,3.3
201901,제주특별자치도,전체방문자(a+b+c),1.8579532E7,1.7493436E7,6.2
201902,서울특별시,현지인방문자(a),1.11320822E8,1.12745882E8,-1.3
201902,서울특별시,외지인방문자(b),4.3909075E7,4.2031913E7,4.5
201902,서울특별시,외국인방문자(c),1832432.0,1258366.0,45.6
201902,서울특별시,외부방문자(b+c),4.5741507E7,4.3290279E7,5.7
201902,서울특별시,전체방문자(a+b+c),1.57062329E8,1.5603616E8,0.7
201902,부산광역시,현지인방문자(a),3.4681612E7,3.4097878E7,1.7
201902,부산광역시,외지인방문자(b),1.2876465E7,1.2335218E7,4.4
201902,부산광역시,외국인방문자(c),312050.0,205153.0,52.1
201902,부산광역시,외부방문자(b+c),1.3188515E7,1.2540371E7,5.2
201902,부산광역시,전체방문자(a+b+c),4.7870127E7,4.6638249E7,2.6
201902,대구광역시,현지인방문자(a),3.161306E7,3.0215668E7,4.6
201902,대구광역시,외지인방문자(b),9346676.0,8816661.0,6.0
201902,대구광역시,외국인방문자(c),58460.0,39735.0,47.1
201902,대구광역시,외부방문자(b+c),9405136.0,8856396.0,6.2
201902,대구광역시,전체방문자(a+b+c),4.1018197E7,3.9072064E7,5.0
201902,인천광역시,현지인방문자(a),2.9025742E7,2.7795232E7,4.4
201902,인천광역시,외지인방문자(b),1.2650463E7,1.021895E7,23.8
201902,인천광역시,외국인방문자(c),649885.0,403089.0,61.2
201902,인천광역시,외부방문자(b+c),1.3300348E7,1.0622039E7,25.2
201902,인천광역시,전체방문자(a+b+c),4.232609E7,3.8417272E7,10.2
201902,광주광역시,현지인방문자(a),1.9235426E7,1.893739E7,1.6
201902,광주광역시,외지인방문자(b),5526822.0,5329482.0,3.7
201902,광주광역시,외국인방문자(c),25151.0,16017.0,57.0
201902,광주광역시,외부방문자(b+c),5551973.0,5345499.0,3.9
201902,광주광역시,전체방문자(a+b+c),2.4787399E7,2.4282889E7,2.1
201902,대전광역시,현지인방문자(a),1.8668128E7,1.8164492E7,2.8
201902,대전광역시,외지인방문자(b),6798166.0,6498740.0,4.6
201902,대전광역시,외국인방문자(c),35989.0,20788.0,73.1
201902,대전광역시,외부방문자(b+c),6834154.0,6519528.0,4.8
201902,대전광역시,전체방문자(a+b+c),2.5502283E7,2.4684021E7,3.3
201902,울산광역시,현지인방문자(a),1.2942041E7,1.2815929E7,1.0
201902,울산광역시,외지인방문자(b),3864693.0,3629426.0,6.5
201902,울산광역시,외국인방문자(c),68819.0,39317.0,75.0
201902,울산광역시,외부방문자(b+c),3933512.0,3668743.0,7.2
201902,울산광역시,전체방문자(a+b+c),1.6875553E7,1.6484672E7,2.4
201902,세종특별자치시,현지인방문자(a),2898382.0,2261780.0,28.1
201902,세종특별자치시,외지인방문자(b),1924342.0,1677704.0,14.7
201902,세종특별자치시,외국인방문자(c),7519.0,5403.0,39.2
201902,세종특별자치시,외부방문자(b+c),1931861.0,1683107.0,14.8
201902,세종특별자치시,전체방문자(a+b+c),4830243.0,3944887.0,22.4
201902,경기도,현지인방문자(a),1.3886545E8,1.31429739E8,5.7
201902,경기도,외지인방문자(b),4.3111302E7,3.984763E7,8.2
201902,경기도,외국인방문자(c),680858.0,432142.0,57.6
201902,경기도,외부방문자(b+c),4.379216E7,4.0279771E7,8.7
201902,경기도,전체방문자(a+b+c),1.82657611E8,1.7170951E8,6.4
201902,강원도,현지인방문자(a),2.1481278E7,2.0969249E7,2.4
201902,강원도,외지인방문자(b),1.0695489E7,1.0286941E7,4.0
201902,강원도,외국인방문자(c),186674.0,552313.0,-66.2
201902,강원도,외부방문자(b+c),1.0882163E7,1.0839254E7,0.4
201902,강원도,전체방문자(a+b+c),3.2363441E7,3.1808503E7,1.7
201902,충청북도,현지인방문자(a),1.8738713E7,1.8020454E7,4.0
201902,충청북도,외지인방문자(b),8143037.0,7647168.0,6.5
201902,충청북도,외국인방문자(c),50899.0,28126.0,81.0
201902,충청북도,외부방문자(b+c),8193936.0,7675294.0,6.8
201902,충청북도,전체방문자(a+b+c),2.6932649E7,2.5695747E7,4.8
201902,충청남도,현지인방문자(a),2.4065279E7,2.3179748E7,3.8
201902,충청남도,외지인방문자(b),1.2122985E7,1.1171646E7,8.5
201902,충청남도,외국인방문자(c),114066.0,57080.0,99.8
201902,충청남도,외부방문자(b+c),1.2237051E7,1.1228727E7,9.0
201902,충청남도,전체방문자(a+b+c),3.630233E7,3.4408474E7,5.5
201902,전라북도,현지인방문자(a),2.3242538E7,2.2566082E7,3.0
201902,전라북도,외지인방문자(b),7976868.0,7521070.0,6.1
201902,전라북도,외국인방문자(c),51424.0,30439.0,68.9
201902,전라북도,외부방문자(b+c),8028291.0,7551508.0,6.3
201902,전라북도,전체방문자(a+b+c),3.1270829E7,3.011759E7,3.8
201902,전라남도,현지인방문자(a),2.0744234E7,1.98648E7,4.4
201902,전라남도,외지인방문자(b),9979893.0,9013182.0,10.7
201902,전라남도,외국인방문자(c),121588.0,61746.0,96.9
201902,전라남도,외부방문자(b+c),1.0101481E7,9074929.0,11.3
201902,전라남도,전체방문자(a+b+c),3.0845715E7,2.8939728E7,6.6
201902,경상북도,현지인방문자(a),3.4273883E7,3.3161758E7,3.4
201902,경상북도,외지인방문자(b),1.4803026E7,1.350482E7,9.6
201902,경상북도,외국인방문자(c),97651.0,56311.0,73.4
201902,경상북도,외부방문자(b+c),1.4900677E7,1.3561131E7,9.9
201902,경상북도,전체방문자(a+b+c),4.917456E7,4.6722889E7,5.2
201902,경상남도,현지인방문자(a),3.8349966E7,3.7545088E7,2.1
201902,경상남도,외지인방문자(b),1.2724344E7,1.1787962E7,7.9
201902,경상남도,외국인방문자(c),144381.0,87756.0,64.5
201902,경상남도,외부방문자(b+c),1.2868725E7,1.1875718E7,8.4
201902,경상남도,전체방문자(a+b+c),5.1218691E7,4.9420806E7,3.6
201902,제주특별자치도,현지인방문자(a),1.2433684E7,1.1855756E7,4.9
201902,제주특별자치도,외지인방문자(b),3919934.0,3458410.0,13.3
201902,제주특별자치도,외국인방문자(c),355574.0,182291.0,95.1
201902,제주특별자치도,외부방문자(b+c),4275507.0,3640700.0,17.4
201902,제주특별자치도,전체방문자(a+b+c),1.6709191E7,1.5496457E7,7.8
201903,서울특별시,현지인방문자(a),1.3485151E8,1.36124684E8,-0.9
201903,서울특별시,외지인방문자(b),6.0777356E7,5.5548748E7,9.4
201903,서울특별시,외국인방문자(c),2039574.0,1350586.0,51.0
201903,서울특별시,외부방문자(b+c),6.2816931E7,5.6899335E7,10.4
201903,서울특별시,전체방문자(a+b+c),1.97668441E8,1.93024019E8,2.4
201903,부산광역시,현지인방문자(a),3.9710478E7,3.9155039E7,1.4
201903,부산광역시,외지인방문자(b),1.4100188E7,1.3231071E7,6.6
201903,부산광역시,외국인방문자(c),400192.0,269389.0,48.6
201903,부산광역시,외부방문자(b+c),1.4500379E7,1.350046E7,7.4
201903,부산광역시,전체방문자(a+b+c),5.4210858E7,5.2655499E7,3.0
201903,대구광역시,현지인방문자(a),3.6116549E7,3.5085757E7,2.9
201903,대구광역시,외지인방문자(b),1.0078936E7,9436294.0,6.8
201903,대구광역시,외국인방문자(c),84394.0,52036.0,62.2
201903,대구광역시,외부방문자(b+c),1.016333E7,9488330.0,7.1
201903,대구광역시,전체방문자(a+b+c),4.6279879E7,4.4574087E7,3.8
201903,인천광역시,현지인방문자(a),3.4957262E7,3.34243E7,4.6
201903,인천광역시,외지인방문자(b),1.5606297E7,1.3076976E7,19.3
201903,인천광역시,외국인방문자(c),649051.0,364127.0,78.2
201903,인천광역시,외부방문자(b+c),1.6255348E7,1.3441103E7,20.9
201903,인천광역시,전체방문자(a+b+c),5.121261E7,4.6865403E7,9.3
201903,광주광역시,현지인방문자(a),2.2143268E7,2.1838754E7,1.4
201903,광주광역시,외지인방문자(b),6251892.0,5962918.0,4.8
201903,광주광역시,외국인방문자(c),35300.0,21379.0,65.1
201903,광주광역시,외부방문자(b+c),6287193.0,5984298.0,5.1
201903,광주광역시,전체방문자(a+b+c),2.8430461E7,2.7823052E7,2.2
201903,대전광역시,현지인방문자(a),2.1741986E7,2.1473326E7,1.3
201903,대전광역시,외지인방문자(b),8529784.0,8172700.0,4.4
201903,대전광역시,외국인방문자(c),32918.0,25132.0,31.0
201903,대전광역시,외부방문자(b+c),8562701.0,8197831.0,4.5
201903,대전광역시,전체방문자(a+b+c),3.0304687E7,2.9671157E7,2.1
201903,울산광역시,현지인방문자(a),1.5088073E7,1.5018804E7,0.5
201903,울산광역시,외지인방문자(b),4442596.0,3970204.0,11.9
201903,울산광역시,외국인방문자(c),75588.0,50700.0,49.1
201903,울산광역시,외부방문자(b+c),4518184.0,4020904.0,12.4
201903,울산광역시,전체방문자(a+b+c),1.9606257E7,1.9039709E7,3.0
201903,세종특별자치시,현지인방문자(a),3492545.0,2900282.0,20.4
201903,세종특별자치시,외지인방문자(b),2565381.0,2244886.0,14.3
201903,세종특별자치시,외국인방문자(c),8464.0,7959.0,6.3
201903,세종특별자치시,외부방문자(b+c),2573845.0,2252845.0,14.2
201903,세종특별자치시,전체방문자(a+b+c),6066390.0,5153127.0,17.7
201903,경기도,현지인방문자(a),1.68081084E8,1.56474276E8,7.4
201903,경기도,외지인방문자(b),6.0810432E7,5.3385339E7,13.9
201903,경기도,외국인방문자(c),676654.0,412287.0,64.1
201903,경기도,외부방문자(b+c),6.1487085E7,5.3797626E7,14.3
201903,경기도,전체방문자(a+b+c),2.2956817E8,2.10271902E8,9.2
201903,강원도,현지인방문자(a),2.597685E7,2.4739536E7,5.0
201903,강원도,외지인방문자(b),1.1195216E7,9936948.0,12.7
201903,강원도,외국인방문자(c),117098.0,125961.0,-7.0
201903,강원도,외부방문자(b+c),1.1312313E7,1.0062909E7,12.4
201903,강원도,전체방문자(a+b+c),3.7289163E7,3.4802445E7,7.1
201903,충청북도,현지인방문자(a),2.198155E7,2.1329242E7,3.1
201903,충청북도,외지인방문자(b),9692655.0,9117885.0,6.3
201903,충청북도,외국인방문자(c),59556.0,38879.0,53.2
201903,충청북도,외부방문자(b+c),9752211.0,9156764.0,6.5
201903,충청북도,전체방문자(a+b+c),3.1733762E7,3.0486006E7,4.1
201903,충청남도,현지인방문자(a),2.8193028E7,2.743168E7,2.8
201903,충청남도,외지인방문자(b),1.4588497E7,1.3446814E7,8.5
201903,충청남도,외국인방문자(c),136111.0,64538.0,110.9
201903,충청남도,외부방문자(b+c),1.4724608E7,1.3511352E7,9.0
201903,충청남도,전체방문자(a+b+c),4.2917637E7,4.0943033E7,4.8
201903,전라북도,현지인방문자(a),2.679006E7,2.615843E7,2.4
201903,전라북도,외지인방문자(b),8010716.0,7523142.0,6.5
201903,전라북도,외국인방문자(c),81428.0,40194.0,102.6
201903,전라북도,외부방문자(b+c),8092144.0,7563335.0,7.0
201903,전라북도,전체방문자(a+b+c),3.4882205E7,3.3721765E7,3.4
201903,전라남도,현지인방문자(a),2.4267355E7,2.3271437E7,4.3
201903,전라남도,외지인방문자(b),1.0385742E7,9340698.0,11.2
201903,전라남도,외국인방문자(c),170034.0,77173.0,120.3
201903,전라남도,외부방문자(b+c),1.0555777E7,9417872.0,12.1
201903,전라남도,전체방문자(a+b+c),3.4823132E7,3.2689309E7,6.5
201903,경상북도,현지인방문자(a),3.9756892E7,3.8871987E7,2.3
201903,경상북도,외지인방문자(b),1.5789767E7,1.4431228E7,9.4
201903,경상북도,외국인방문자(c),127207.0,74851.0,69.9
201903,경상북도,외부방문자(b+c),1.5916974E7,1.4506079E7,9.7
201903,경상북도,전체방문자(a+b+c),5.5673866E7,5.3378066E7,4.3
201903,경상남도,현지인방문자(a),4.4443326E7,4.3736962E7,1.6
201903,경상남도,외지인방문자(b),1.3930532E7,1.2409894E7,12.3
201903,경상남도,외국인방문자(c),174382.0,106862.0,63.2
201903,경상남도,외부방문자(b+c),1.4104914E7,1.2516756E7,12.7
201903,경상남도,전체방문자(a+b+c),5.8548239E7,5.6253718E7,4.1
201903,제주특별자치도,현지인방문자(a),1.4316183E7,1.394037E7,2.7
201903,제주특별자치도,외지인방문자(b),4446690.0,4182532.0,6.3
201903,제주특별자치도,외국인방문자(c),406773.0,220147.0,84.8
201903,제주특별자치도,외부방문자(b+c),4853464.0,4402679.0,10.2
201903,제주특별자치도,전체방문자(a+b+c),1.9169647E7,1.8343049E7,4.5
201904,서울특별시,현지인방문자(a),1.19185794E8,1.29081032E8,-7.7
201904,서울특별시,외지인방문자(b),4.3323472E7,4.4093536E7,-1.7
201904,서울특별시,외국인방문자(c),2353254.0,1537003.0,53.1
201904,서울특별시,외부방문자(b+c),4.5676727E7,4.5630539E7,0.1
201904,서울특별시,전체방문자(a+b+c),1.64862521E8,1.74711571E8,-5.6
201904,부산광역시,현지인방문자(a),3.6381838E7,3.652376E7,-0.4
201904,부산광역시,외지인방문자(b),1.0284054E7,1.0565821E7,-2.7
201904,부산광역시,외국인방문자(c),504583.0,318152.0,58.6
201904,부산광역시,외부방문자(b+c),1.0788637E7,1.0883973E7,-0.9
201904,부산광역시,전체방문자(a+b+c),4.7170475E7,4.7407733E7,-0.5
201904,대구광역시,현지인방문자(a),3.3864554E7,3.3539457E7,1.0
201904,대구광역시,외지인방문자(b),7807818.0,7839898.0,-0.4
201904,대구광역시,외국인방문자(c),92707.0,57565.0,61.0
201904,대구광역시,외부방문자(b+c),7900525.0,7897463.0,0.0
201904,대구광역시,전체방문자(a+b+c),4.1765079E7,4.143692E7,0.8
201904,인천광역시,현지인방문자(a),3.1531976E7,2.9539538E7,6.7
201904,인천광역시,외지인방문자(b),1.2173718E7,1.1211837E7,8.6
201904,인천광역시,외국인방문자(c),754061.0,392642.0,92.0
201904,인천광역시,외부방문자(b+c),1.2927779E7,1.1604479E7,11.4
201904,인천광역시,전체방문자(a+b+c),4.4459755E7,4.1144017E7,8.1
201904,광주광역시,현지인방문자(a),2.066324E7,2.0481318E7,0.9
201904,광주광역시,외지인방문자(b),4676144.0,4682349.0,-0.1
201904,광주광역시,외국인방문자(c),30818.0,21215.0,45.3
201904,광주광역시,외부방문자(b+c),4706961.0,4703564.0,0.1
201904,광주광역시,전체방문자(a+b+c),2.5370202E7,2.5184881E7,0.7
201904,대전광역시,현지인방문자(a),2.0182494E7,1.9789266E7,2.0
201904,대전광역시,외지인방문자(b),6052739.0,6223714.0,-2.7
201904,대전광역시,외국인방문자(c),35658.0,23835.0,49.6
201904,대전광역시,외부방문자(b+c),6088397.0,6247549.0,-2.5
201904,대전광역시,전체방문자(a+b+c),2.6270891E7,2.6036815E7,0.9
201904,울산광역시,현지인방문자(a),1.3758094E7,1.384767E7,-0.6
201904,울산광역시,외지인방문자(b),3349874.0,3415545.0,-1.9
201904,울산광역시,외국인방문자(c),74575.0,46613.0,60.0
201904,울산광역시,외부방문자(b+c),3424450.0,3462158.0,-1.1
201904,울산광역시,전체방문자(a+b+c),1.7182544E7,1.7309827E7,-0.7
201904,세종특별자치시,현지인방문자(a),3289958.0,2746062.0,19.8
201904,세종특별자치시,외지인방문자(b),1914262.0,1783075.0,7.4
201904,세종특별자치시,외국인방문자(c),8277.0,5742.0,44.1
201904,세종특별자치시,외부방문자(b+c),1922539.0,1788817.0,7.5
201904,세종특별자치시,전체방문자(a+b+c),5212497.0,4534879.0,14.9
201904,경기도,현지인방문자(a),1.48565848E8,1.43987386E8,3.2
201904,경기도,외지인방문자(b),4.4389796E7,4.5062574E7,-1.5
201904,경기도,외국인방문자(c),802849.0,485914.0,65.2
201904,경기도,외부방문자(b+c),4.5192645E7,4.5548488E7,-0.8
201904,경기도,전체방문자(a+b+c),1.93758493E8,1.89535873E8,2.2
201904,강원도,현지인방문자(a),2.4295838E7,2.3742618E7,2.3
201904,강원도,외지인방문자(b),8864328.0,8943512.0,-0.9
201904,강원도,외국인방문자(c),167687.0,84359.0,98.8
201904,강원도,외부방문자(b+c),9032014.0,9027871.0,0.0
201904,강원도,전체방문자(a+b+c),3.3327852E7,3.2770488E7,1.7
201904,충청북도,현지인방문자(a),2.0847396E7,2.0142602E7,3.5
201904,충청북도,외지인방문자(b),8146012.0,8020674.0,1.6
201904,충청북도,외국인방문자(c),60848.0,36909.0,64.9
201904,충청북도,외부방문자(b+c),8206860.0,8057583.0,1.9
201904,충청북도,전체방문자(a+b+c),2.9054256E7,2.8200184E7,3.0
201904,충청남도,현지인방문자(a),2.6901469E7,2.5711256E7,4.6
201904,충청남도,외지인방문자(b),1.2266222E7,1.1783436E7,4.1
201904,충청남도,외국인방문자(c),146182.0,71656.0,104.0
201904,충청남도,외부방문자(b+c),1.2412405E7,1.1855092E7,4.7
201904,충청남도,전체방문자(a+b+c),3.9313874E7,3.7566347E7,4.7
201904,전라북도,현지인방문자(a),2.5389315E7,2.4781582E7,2.5
201904,전라북도,외지인방문자(b),6619060.0,6767894.0,-2.2
201904,전라북도,외국인방문자(c),84572.0,43168.0,95.9
201904,전라북도,외부방문자(b+c),6703632.0,6811062.0,-1.6
201904,전라북도,전체방문자(a+b+c),3.2092947E7,3.1592644E7,1.6
201904,전라남도,현지인방문자(a),2.2969814E7,2.216984E7,3.6
201904,전라남도,외지인방문자(b),9104302.0,9072438.0,0.4
201904,전라남도,외국인방문자(c),176263.0,102664.0,71.7
201904,전라남도,외부방문자(b+c),9280565.0,9175102.0,1.1
201904,전라남도,전체방문자(a+b+c),3.2250379E7,3.1344942E7,2.9
201904,경상북도,현지인방문자(a),3.7708629E7,3.7150676E7,1.5
201904,경상북도,외지인방문자(b),1.2716868E7,1.2659311E7,0.5
201904,경상북도,외국인방문자(c),155745.0,91990.0,69.3
201904,경상북도,외부방문자(b+c),1.2872613E7,1.2751301E7,1.0
201904,경상북도,전체방문자(a+b+c),5.0581242E7,4.9901977E7,1.4
201904,경상남도,현지인방문자(a),4.123098E7,4.0774506E7,1.1
201904,경상남도,외지인방문자(b),1.1461492E7,1.1577503E7,-1.0
201904,경상남도,외국인방문자(c),202375.0,131418.0,54.0
201904,경상남도,외부방문자(b+c),1.1663867E7,1.1708921E7,-0.4
201904,경상남도,전체방문자(a+b+c),5.2894847E7,5.2483427E7,0.8
201904,제주특별자치도,현지인방문자(a),1.3544643E7,1.3294778E7,1.9
201904,제주특별자치도,외지인방문자(b),4080300.0,4361262.0,-6.4
201904,제주특별자치도,외국인방문자(c),495204.0,307812.0,60.9
201904,제주특별자치도,외부방문자(b+c),4575504.0,4669075.0,-2.0
201904,제주특별자치도,전체방문자(a+b+c),1.8120147E7,1.7963853E7,0.9
201905,서울특별시,현지인방문자(a),1.22667797E8,1.40823672E8,-12.9
201905,서울특별시,외지인방문자(b),5.1738645E7,4.8047528E7,7.7
201905,서울특별시,외국인방문자(c),2053610.0,1446624.0,42.0
201905,서울특별시,외부방문자(b+c),5.3792255E7,4.9494152E7,8.7
201905,서울특별시,전체방문자(a+b+c),1.76460052E8,1.90317824E8,-7.3
201905,부산광역시,현지인방문자(a),3.9926246E7,4.0974566E7,-2.6
201905,부산광역시,외지인방문자(b),1.2990982E7,1.2189331E7,6.6
201905,부산광역시,외국인방문자(c),467262.0,317102.0,47.4
201905,부산광역시,외부방문자(b+c),1.3458243E7,1.2506433E7,7.6
201905,부산광역시,전체방문자(a+b+c),5.338449E7,5.3480999E7,-0.2
201905,대구광역시,현지인방문자(a),3.6360716E7,3.6363544E7,-0.0
201905,대구광역시,외지인방문자(b),8482460.0,8945594.0,-5.2
201905,대구광역시,외국인방문자(c),79748.0,49261.0,61.9
201905,대구광역시,외부방문자(b+c),8562208.0,8994855.0,-4.8
201905,대구광역시,전체방문자(a+b+c),4.4922924E7,4.5358399E7,-1.0
201905,인천광역시,현지인방문자(a),3.2099669E7,3.337936E7,-3.8
201905,인천광역시,외지인방문자(b),1.3929828E7,1.298828E7,7.2
201905,인천광역시,외국인방문자(c),709345.0,390702.0,81.6
201905,인천광역시,외부방문자(b+c),1.4639173E7,1.3378981E7,9.4
201905,인천광역시,전체방문자(a+b+c),4.6738842E7,4.6758341E7,-0.0
201905,광주광역시,현지인방문자(a),2.220443E7,2.2420724E7,-1.0
201905,광주광역시,외지인방문자(b),5168912.0,5297274.0,-2.4
201905,광주광역시,외국인방문자(c),29845.0,23750.0,25.7
201905,광주광역시,외부방문자(b+c),5198757.0,5321025.0,-2.3
201905,광주광역시,전체방문자(a+b+c),2.7403187E7,2.7741748E7,-1.2
201905,대전광역시,현지인방문자(a),2.2465342E7,2.2353401E7,0.5
201905,대전광역시,외지인방문자(b),6623740.0,6836918.0,-3.1
201905,대전광역시,외국인방문자(c),30110.0,25082.0,20.0
201905,대전광역시,외부방문자(b+c),6653849.0,6862000.0,-3.0
201905,대전광역시,전체방문자(a+b+c),2.9119191E7,2.9215401E7,-0.3
201905,울산광역시,현지인방문자(a),1.4922824E7,1.5259668E7,-2.2
201905,울산광역시,외지인방문자(b),4138071.0,3946134.0,4.9
201905,울산광역시,외국인방문자(c),81085.0,58157.0,39.4
201905,울산광역시,외부방문자(b+c),4219156.0,4004291.0,5.4
201905,울산광역시,전체방문자(a+b+c),1.914198E7,1.9263959E7,-0.6
201905,세종특별자치시,현지인방문자(a),3806506.0,3207340.0,18.7
201905,세종특별자치시,외지인방문자(b),2099884.0,1919726.0,9.4
201905,세종특별자치시,외국인방문자(c),9503.0,5978.0,59.0
201905,세종특별자치시,외부방문자(b+c),2109387.0,1925703.0,9.5
201905,세종특별자치시,전체방문자(a+b+c),5915893.0,5133044.0,15.3
201905,경기도,현지인방문자(a),1.51744166E8,1.63498636E8,-7.2
201905,경기도,외지인방문자(b),5.2650574E7,5.2493259E7,0.3
201905,경기도,외국인방문자(c),705068.0,478256.0,47.4
201905,경기도,외부방문자(b+c),5.3355642E7,5.2971515E7,0.7
201905,경기도,전체방문자(a+b+c),2.05099808E8,2.16470151E8,-5.3
201905,강원도,현지인방문자(a),2.5478036E7,2.6776344E7,-4.8
201905,강원도,외지인방문자(b),1.028825E7,1.1278176E7,-8.8
201905,강원도,외국인방문자(c),104681.0,67325.0,55.5
201905,강원도,외부방문자(b+c),1.0392931E7,1.1345501E7,-8.4
201905,강원도,전체방문자(a+b+c),3.5870967E7,3.8121845E7,-5.9
201905,충청북도,현지인방문자(a),2.3197878E7,2.2501563E7,3.1
201905,충청북도,외지인방문자(b),9064794.0,9134895.0,-0.8
201905,충청북도,외국인방문자(c),60555.0,46730.0,29.6
201905,충청북도,외부방문자(b+c),9125348.0,9181625.0,-0.6
201905,충청북도,전체방문자(a+b+c),3.2323226E7,3.1683188E7,2.0
201905,충청남도,현지인방문자(a),2.9689002E7,2.8936992E7,2.6
201905,충청남도,외지인방문자(b),1.3182628E7,1.30237E7,1.2
201905,충청남도,외국인방문자(c),138452.0,80198.0,72.6
201905,충청남도,외부방문자(b+c),1.332108E7,1.3103897E7,1.7
201905,충청남도,전체방문자(a+b+c),4.3010082E7,4.2040889E7,2.3
201905,전라북도,현지인방문자(a),2.7696014E7,2.7154603E7,2.0
201905,전라북도,외지인방문자(b),7650755.0,7782758.0,-1.7
201905,전라북도,외국인방문자(c),68238.0,44936.0,51.9
201905,전라북도,외부방문자(b+c),7718993.0,7827694.0,-1.4
201905,전라북도,전체방문자(a+b+c),3.5415008E7,3.4982297E7,1.2
201905,전라남도,현지인방문자(a),2.4930048E7,2.4222068E7,2.9
201905,전라남도,외지인방문자(b),1.0077232E7,1.0142139E7,-0.6
201905,전라남도,외국인방문자(c),186344.0,123021.0,51.5
201905,전라남도,외부방문자(b+c),1.0263575E7,1.026516E7,-0.0
201905,전라남도,전체방문자(a+b+c),3.5193624E7,3.4487228E7,2.0
201905,경상북도,현지인방문자(a),4.11857E7,4.07743E7,1.0
201905,경상북도,외지인방문자(b),1.4248213E7,1.4384654E7,-0.9
201905,경상북도,외국인방문자(c),157294.0,118536.0,32.7
201905,경상북도,외부방문자(b+c),1.4405507E7,1.4503189E7,-0.7
201905,경상북도,전체방문자(a+b+c),5.5591208E7,5.5277489E7,0.6
201905,경상남도,현지인방문자(a),4.4461816E7,4.4801032E7,-0.8
201905,경상남도,외지인방문자(b),1.3002129E7,1.280034E7,1.6
201905,경상남도,외국인방문자(c),184710.0,122153.0,51.2
201905,경상남도,외부방문자(b+c),1.3186839E7,1.2922493E7,2.0
201905,경상남도,전체방문자(a+b+c),5.7648655E7,5.7723526E7,-0.1
201905,제주특별자치도,현지인방문자(a),1.4361942E7,1.424331E7,0.8
201905,제주특별자치도,외지인방문자(b),4266714.0,4385500.0,-2.7
201905,제주특별자치도,외국인방문자(c),472709.0,314779.0,50.2
201905,제주특별자치도,외부방문자(b+c),4739423.0,4700279.0,0.8
201905,제주특별자치도,전체방문자(a+b+c),1.9101365E7,1.8943589E7,0.8
201906,서울특별시,현지인방문자(a),1.1594878E8,1.37553644E8,-15.7
201906,서울특별시,외지인방문자(b),5.1421888E7,4.7240543E7,8.9
201906,서울특별시,외국인방문자(c),1883157.0,1312630.0,43.5
201906,서울특별시,외부방문자(b+c),5.3305045E7,4.8553173E7,9.8
201906,서울특별시,전체방문자(a+b+c),1.69253825E8,1.86106816E8,-9.1
201906,부산광역시,현지인방문자(a),3.8926016E7,3.951709E7,-1.5
201906,부산광역시,외지인방문자(b),1.1056896E7,1.1135456E7,-0.7
201906,부산광역시,외국인방문자(c),439977.0,307320.0,43.2
201906,부산광역시,외부방문자(b+c),1.1496873E7,1.1442776E7,0.5
201906,부산광역시,전체방문자(a+b+c),5.0422889E7,5.0959866E7,-1.1
201906,대구광역시,현지인방문자(a),3.5247968E7,3.4976046E7,0.8
201906,대구광역시,외지인방문자(b),7772754.0,7907830.0,-1.7
201906,대구광역시,외국인방문자(c),82744.0,49960.0,65.6
201906,대구광역시,외부방문자(b+c),7855498.0,7957790.0,-1.3
201906,대구광역시,전체방문자(a+b+c),4.3103466E7,4.2933836E7,0.4
201906,인천광역시,현지인방문자(a),3.0611651E7,3.1847966E7,-3.9
201906,인천광역시,외지인방문자(b),1.4390208E7,1.2069827E7,19.2
201906,인천광역시,외국인방문자(c),593073.0,349135.0,69.9
201906,인천광역시,외부방문자(b+c),1.4983281E7,1.2418962E7,20.6
201906,인천광역시,전체방문자(a+b+c),4.5594932E7,4.4266928E7,3.0
201906,광주광역시,현지인방문자(a),2.1465647E7,2.1894019E7,-2.0
201906,광주광역시,외지인방문자(b),4826006.0,4781770.0,0.9
201906,광주광역시,외국인방문자(c),32735.0,22266.0,47.0
201906,광주광역시,외부방문자(b+c),4858742.0,4804036.0,1.1
201906,광주광역시,전체방문자(a+b+c),2.6324389E7,2.6698055E7,-1.4
201906,대전광역시,현지인방문자(a),2.1531962E7,2.1721329E7,-0.9
201906,대전광역시,외지인방문자(b),6154302.0,6421034.0,-4.2
201906,대전광역시,외국인방문자(c),31200.0,25997.0,20.0
201906,대전광역시,외부방문자(b+c),6185502.0,6447031.0,-4.1
201906,대전광역시,전체방문자(a+b+c),2.7717463E7,2.816836E7,-1.6
201906,울산광역시,현지인방문자(a),1.4561872E7,1.4686133E7,-0.8
201906,울산광역시,외지인방문자(b),3529306.0,3527706.0,0.0
201906,울산광역시,외국인방문자(c),85003.0,51197.0,66.0
201906,울산광역시,외부방문자(b+c),3614309.0,3578903.0,1.0
201906,울산광역시,전체방문자(a+b+c),1.8176181E7,1.8265036E7,-0.5
201906,세종특별자치시,현지인방문자(a),3701184.0,3163797.0,17.0
201906,세종특별자치시,외지인방문자(b),1920121.0,1783922.0,7.6
201906,세종특별자치시,외국인방문자(c),8495.0,5225.0,62.6
201906,세종특별자치시,외부방문자(b+c),1928616.0,1789147.0,7.8
201906,세종특별자치시,전체방문자(a+b+c),5629800.0,4952944.0,13.7
201906,경기도,현지인방문자(a),1.4539909E8,1.55270714E8,-6.4
201906,경기도,외지인방문자(b),5.3647136E7,4.7981955E7,11.8
201906,경기도,외국인방문자(c),660582.0,445337.0,48.3
201906,경기도,외부방문자(b+c),5.4307718E7,4.8427292E7,12.1
201906,경기도,전체방문자(a+b+c),1.99706807E8,2.03698005E8,-2.0
201906,강원도,현지인방문자(a),2.4517994E7,2.6073114E7,-6.0
201906,강원도,외지인방문자(b),1.1405702E7,1.0604937E7,7.6
201906,강원도,외국인방문자(c),119058.0,64414.0,84.8
201906,강원도,외부방문자(b+c),1.152476E7,1.0669351E7,8.0
201906,강원도,전체방문자(a+b+c),3.6042753E7,3.6742464E7,-1.9
201906,충청북도,현지인방문자(a),2.2089165E7,2.1906402E7,0.8
201906,충청북도,외지인방문자(b),8171226.0,8172276.0,-0.0
201906,충청북도,외국인방문자(c),57962.0,41266.0,40.5
201906,충청북도,외부방문자(b+c),8229188.0,8213542.0,0.2
201906,충청북도,전체방문자(a+b+c),3.0318353E7,3.0119944E7,0.7
201906,충청남도,현지인방문자(a),2.872225E7,2.8128338E7,2.1
201906,충청남도,외지인방문자(b),1.1982904E7,1.1605454E7,3.3
201906,충청남도,외국인방문자(c),116818.0,71168.0,64.1
201906,충청남도,외부방문자(b+c),1.2099722E7,1.1676622E7,3.6
201906,충청남도,전체방문자(a+b+c),4.0821972E7,3.980496E7,2.6
201906,전라북도,현지인방문자(a),2.6689856E7,2.6435654E7,1.0
201906,전라북도,외지인방문자(b),6637043.0,6528186.0,1.7
201906,전라북도,외국인방문자(c),65724.0,40543.0,62.1
201906,전라북도,외부방문자(b+c),6702767.0,6568729.0,2.0
201906,전라북도,전체방문자(a+b+c),3.3392622E7,3.3004383E7,1.2
201906,전라남도,현지인방문자(a),2.41913E7,2.3716416E7,2.0
201906,전라남도,외지인방문자(b),8784338.0,8301206.0,5.8
201906,전라남도,외국인방문자(c),162719.0,114686.0,41.9
201906,전라남도,외부방문자(b+c),8947058.0,8415891.0,6.3
201906,전라남도,전체방문자(a+b+c),3.3138358E7,3.2132308E7,3.1
201906,경상북도,현지인방문자(a),3.9416346E7,3.9547515E7,-0.3
201906,경상북도,외지인방문자(b),1.2821274E7,1.2660347E7,1.3
201906,경상북도,외국인방문자(c),136651.0,118203.0,15.6
201906,경상북도,외부방문자(b+c),1.2957924E7,1.277855E7,1.4
201906,경상북도,전체방문자(a+b+c),5.237427E7,5.2326065E7,0.1
201906,경상남도,현지인방문자(a),4.2618804E7,4.303284E7,-1.0
201906,경상남도,외지인방문자(b),1.1158998E7,1.1108636E7,0.5
201906,경상남도,외국인방문자(c),166507.0,120870.0,37.8
201906,경상남도,외부방문자(b+c),1.1325505E7,1.1229506E7,0.9
201906,경상남도,전체방문자(a+b+c),5.3944308E7,5.4262345E7,-0.6
201906,제주특별자치도,현지인방문자(a),1.3581729E7,1.377823E7,-1.4
201906,제주특별자치도,외지인방문자(b),4080814.0,4285792.0,-4.8
201906,제주특별자치도,외국인방문자(c),505781.0,365283.0,38.5
201906,제주특별자치도,외부방문자(b+c),4586595.0,4651075.0,-1.4
201906,제주특별자치도,전체방문자(a+b+c),1.8168324E7,1.8429305E7,-1.4
201907,서울특별시,현지인방문자(a),1.17567443E8,1.43658084E8,-18.2
201907,서울특별시,외지인방문자(b),5.8264846E7,5.1672414E7,12.8
201907,서울특별시,외국인방문자(c),2168782.0,1824466.0,18.9
201907,서울특별시,외부방문자(b+c),6.0433628E7,5.349688E7,13.0
201907,서울특별시,전체방문자(a+b+c),1.78001071E8,1.97154965E8,-9.7
201907,부산광역시,현지인방문자(a),4.092689E7,4.0252884E7,1.7
201907,부산광역시,외지인방문자(b),1.3210617E7,1.2254676E7,7.8
201907,부산광역시,외국인방문자(c),436473.0,346683.0,25.9
201907,부산광역시,외부방문자(b+c),1.364709E7,1.2601359E7,8.3
201907,부산광역시,전체방문자(a+b+c),5.4573979E7,5.2854243E7,3.3
201907,대구광역시,현지인방문자(a),3.6350377E7,3.5427424E7,2.6
201907,대구광역시,외지인방문자(b),9565580.0,8700545.0,9.9
201907,대구광역시,외국인방문자(c),90314.0,67108.0,34.6
201907,대구광역시,외부방문자(b+c),9655894.0,8767653.0,10.1
201907,대구광역시,전체방문자(a+b+c),4.6006271E7,4.4195076E7,4.1
201907,인천광역시,현지인방문자(a),3.0816779E7,3.2353811E7,-4.8
201907,인천광역시,외지인방문자(b),1.5600932E7,1.305515E7,19.5
201907,인천광역시,외국인방문자(c),670517.0,505705.0,32.6
201907,인천광역시,외부방문자(b+c),1.6271449E7,1.3560856E7,20.0
201907,인천광역시,전체방문자(a+b+c),4.7088228E7,4.5914667E7,2.6
201907,광주광역시,현지인방문자(a),2.170531E7,2.238986E7,-3.1
201907,광주광역시,외지인방문자(b),5742359.0,5369318.0,6.9
201907,광주광역시,외국인방문자(c),101334.0,29708.0,241.1
201907,광주광역시,외부방문자(b+c),5843693.0,5399027.0,8.2
201907,광주광역시,전체방문자(a+b+c),2.7549003E7,2.7788887E7,-0.9
201907,대전광역시,현지인방문자(a),2.1612252E7,2.2128502E7,-2.3
201907,대전광역시,외지인방문자(b),7121576.0,6816390.0,4.5
201907,대전광역시,외국인방문자(c),43928.0,40632.0,8.1
201907,대전광역시,외부방문자(b+c),7165504.0,6857022.0,4.5
201907,대전광역시,전체방문자(a+b+c),2.8777755E7,2.8985524E7,-0.7
201907,울산광역시,현지인방문자(a),1.5708402E7,1.5425428E7,1.8
201907,울산광역시,외지인방문자(b),4397684.0,4017811.0,9.5
201907,울산광역시,외국인방문자(c),100842.0,59640.0,69.1
201907,울산광역시,외부방문자(b+c),4498525.0,4077451.0,10.3
201907,울산광역시,전체방문자(a+b+c),2.0206928E7,1.9502878E7,3.6
201907,세종특별자치시,현지인방문자(a),3716545.0,3138093.0,18.4
201907,세종특별자치시,외지인방문자(b),2160410.0,1873056.0,15.3
201907,세종특별자치시,외국인방문자(c),10476.0,8500.0,23.2
201907,세종특별자치시,외부방문자(b+c),2170886.0,1881556.0,15.4
201907,세종특별자치시,전체방문자(a+b+c),5887431.0,5019649.0,17.3
201907,경기도,현지인방문자(a),1.45586021E8,1.58634651E8,-8.2
201907,경기도,외지인방문자(b),6.012762E7,5.2488681E7,14.6
201907,경기도,외국인방문자(c),768724.0,638262.0,20.4
201907,경기도,외부방문자(b+c),6.0896344E7,5.3126943E7,14.6
201907,경기도,전체방문자(a+b+c),2.06482365E8,2.11761594E8,-2.5
201907,강원도,현지인방문자(a),2.2736497E7,2.5933106E7,-12.3
201907,강원도,외지인방문자(b),1.3965038E7,1.3513748E7,3.3
201907,강원도,외국인방문자(c),130725.0,91522.0,42.8
201907,강원도,외부방문자(b+c),1.4095764E7,1.360527E7,3.6
201907,강원도,전체방문자(a+b+c),3.6832261E7,3.9538377E7,-6.8
201907,충청북도,현지인방문자(a),2.2195824E7,2.1928498E7,1.2
201907,충청북도,외지인방문자(b),9042842.0,8907213.0,1.5
201907,충청북도,외국인방문자(c),71184.0,63509.0,12.1
201907,충청북도,외부방문자(b+c),9114026.0,8970722.0,1.6
201907,충청북도,전체방문자(a+b+c),3.130985E7,3.0899219E7,1.3
201907,충청남도,현지인방문자(a),2.8796712E7,2.804389E7,2.7
201907,충청남도,외지인방문자(b),1.293825E7,1.2683758E7,2.0
201907,충청남도,외국인방문자(c),130041.0,108436.0,19.9
201907,충청남도,외부방문자(b+c),1.3068292E7,1.2792194E7,2.2
201907,충청남도,전체방문자(a+b+c),4.1865004E7,4.0836084E7,2.5
201907,전라북도,현지인방문자(a),2.6496746E7,2.675099E7,-1.0
201907,전라북도,외지인방문자(b),7512757.0,7423406.0,1.2
201907,전라북도,외국인방문자(c),77956.0,60686.0,28.5
201907,전라북도,외부방문자(b+c),7590713.0,7484092.0,1.4
201907,전라북도,전체방문자(a+b+c),3.408746E7,3.4235082E7,-0.4
201907,전라남도,현지인방문자(a),2.3916014E7,2.4066385E7,-0.6
201907,전라남도,외지인방문자(b),9723480.0,9538378.0,1.9
201907,전라남도,외국인방문자(c),189667.0,147085.0,29.0
201907,전라남도,외부방문자(b+c),9913147.0,9685463.0,2.4
201907,전라남도,전체방문자(a+b+c),3.3829161E7,3.3751848E7,0.2
201907,경상북도,현지인방문자(a),3.9860737E7,3.9604856E7,0.6
201907,경상북도,외지인방문자(b),1.4840301E7,1.4302278E7,3.8
201907,경상북도,외국인방문자(c),151201.0,115081.0,31.4
201907,경상북도,외부방문자(b+c),1.4991502E7,1.4417358E7,4.0
201907,경상북도,전체방문자(a+b+c),5.4852239E7,5.4022214E7,1.5
201907,경상남도,현지인방문자(a),4.4052239E7,4.4141752E7,-0.2
201907,경상남도,외지인방문자(b),1.3443118E7,1.2974238E7,3.6
201907,경상남도,외국인방문자(c),191000.0,135507.0,41.0
201907,경상남도,외부방문자(b+c),1.3634119E7,1.3109744E7,4.0
201907,경상남도,전체방문자(a+b+c),5.7686358E7,5.7251496E7,0.8
201907,제주특별자치도,현지인방문자(a),1.3789279E7,1.4241174E7,-3.2
201907,제주특별자치도,외지인방문자(b),4713832.0,4676648.0,0.8
201907,제주특별자치도,외국인방문자(c),524778.0,429641.0,22.1
201907,제주특별자치도,외부방문자(b+c),5238610.0,5106289.0,2.6
201907,제주특별자치도,전체방문자(a+b+c),1.9027889E7,1.9347463E7,-1.7
201908,서울특별시,현지인방문자(a),1.23105528E8,1.39329488E8,-11.6
201908,서울특별시,외지인방문자(b),6.2843266E7,4.9125265E7,27.9
201908,서울특별시,외국인방문자(c),2419735.0,2054356.0,17.8
201908,서울특별시,외부방문자(b+c),6.5263001E7,5.1179621E7,27.5
201908,서울특별시,전체방문자(a+b+c),1.88368529E8,1.90509108E8,-1.1
201908,부산광역시,현지인방문자(a),3.8924067E7,4.0615936E7,-4.2
201908,부산광역시,외지인방문자(b),1.3473968E7,1.3347096E7,1.0
201908,부산광역시,외국인방문자(c),470346.0,383917.0,22.5
201908,부산광역시,외부방문자(b+c),1.3944314E7,1.3731013E7,1.6
201908,부산광역시,전체방문자(a+b+c),5.2868381E7,5.4346948E7,-2.7
201908,대구광역시,현지인방문자(a),3.4119792E7,3.4803276E7,-2.0
201908,대구광역시,외지인방문자(b),9090120.0,8688326.0,4.6
201908,대구광역시,외국인방문자(c),86969.0,76239.0,14.1
201908,대구광역시,외부방문자(b+c),9177088.0,8764566.0,4.7
201908,대구광역시,전체방문자(a+b+c),4.329688E7,4.3567841E7,-0.6
201908,인천광역시,현지인방문자(a),3.0752302E7,3.1569951E7,-2.6
201908,인천광역시,외지인방문자(b),1.7910624E7,1.2911325E7,38.7
201908,인천광역시,외국인방문자(c),775568.0,558238.0,38.9
201908,인천광역시,외부방문자(b+c),1.8686191E7,1.3469563E7,38.7
201908,인천광역시,전체방문자(a+b+c),4.9438493E7,4.5039514E7,9.8
201908,광주광역시,현지인방문자(a),2.090873E7,2.1934472E7,-4.7
201908,광주광역시,외지인방문자(b),5643456.0,5380540.0,4.9
201908,광주광역시,외국인방문자(c),63378.0,29601.0,114.1
201908,광주광역시,외부방문자(b+c),5706834.0,5410141.0,5.5
201908,광주광역시,전체방문자(a+b+c),2.6615565E7,2.7344613E7,-2.7
201908,대전광역시,현지인방문자(a),2.0723434E7,2.1319662E7,-2.8
201908,대전광역시,외지인방문자(b),6958024.0,6906742.0,0.7
201908,대전광역시,외국인방문자(c),59545.0,52609.0,13.2
201908,대전광역시,외부방문자(b+c),7017569.0,6959352.0,0.8
201908,대전광역시,전체방문자(a+b+c),2.7741003E7,2.8279014E7,-1.9
201908,울산광역시,현지인방문자(a),1.4319613E7,1.4647143E7,-2.2
201908,울산광역시,외지인방문자(b),4261764.0,4090653.0,4.2
201908,울산광역시,외국인방문자(c),94963.0,66156.0,43.5
201908,울산광역시,외부방문자(b+c),4356728.0,4156809.0,4.8
201908,울산광역시,전체방문자(a+b+c),1.8676341E7,1.8803952E7,-0.7
201908,세종특별자치시,현지인방문자(a),3477162.0,3067869.0,13.3
201908,세종특별자치시,외지인방문자(b),2099206.0,1838571.0,14.2
201908,세종특별자치시,외국인방문자(c),11926.0,9329.0,27.8
201908,세종특별자치시,외부방문자(b+c),2111132.0,1847900.0,14.2
201908,세종특별자치시,전체방문자(a+b+c),5588294.0,4915769.0,13.7
201908,경기도,현지인방문자(a),1.50430602E8,1.56111764E8,-3.6
201908,경기도,외지인방문자(b),6.8402618E7,5.0964739E7,34.2
201908,경기도,외국인방문자(c),782599.0,642457.0,21.8
201908,경기도,외부방문자(b+c),6.9185217E7,5.1607196E7,34.1
201908,경기도,전체방문자(a+b+c),2.19615819E8,2.0771896E8,5.7
201908,강원도,현지인방문자(a),2.3980362E7,2.5369326E7,-5.5
201908,강원도,외지인방문자(b),2.000221E7,1.6743716E7,19.5
201908,강원도,외국인방문자(c),126678.0,103722.0,22.1
201908,강원도,외부방문자(b+c),2.0128888E7,1.6847438E7,19.5
201908,강원도,전체방문자(a+b+c),4.410925E7,4.2216765E7,4.5
201908,충청북도,현지인방문자(a),2.140208E7,2.1286052E7,0.5
201908,충청북도,외지인방문자(b),9953058.0,9401707.0,5.9
201908,충청북도,외국인방문자(c),74344.0,62469.0,19.0
201908,충청북도,외부방문자(b+c),1.0027402E7,9464176.0,6.0
201908,충청북도,전체방문자(a+b+c),3.1429482E7,3.0750227E7,2.2
201908,충청남도,현지인방문자(a),2.7532278E7,2.7472928E7,0.2
201908,충청남도,외지인방문자(b),1.4571708E7,1.3492514E7,8.0
201908,충청남도,외국인방문자(c),148615.0,116067.0,28.0
201908,충청남도,외부방문자(b+c),1.4720323E7,1.3608581E7,8.2
201908,충청남도,전체방문자(a+b+c),4.22526E7,4.1081509E7,2.9
201908,전라북도,현지인방문자(a),2.5752822E7,2.6496614E7,-2.8
201908,전라북도,외지인방문자(b),9107000.0,8352026.0,9.0
201908,전라북도,외국인방문자(c),81031.0,61717.0,31.3
201908,전라북도,외부방문자(b+c),9188031.0,8413742.0,9.2
201908,전라북도,전체방문자(a+b+c),3.4940852E7,3.4910356E7,0.1
201908,전라남도,현지인방문자(a),2.3425076E7,2.3679355E7,-1.1
201908,전라남도,외지인방문자(b),1.1713205E7,1.056635E7,10.9
201908,전라남도,외국인방문자(c),204374.0,144403.0,41.5
201908,전라남도,외부방문자(b+c),1.1917579E7,1.0710753E7,11.3
201908,전라남도,전체방문자(a+b+c),3.5342656E7,3.4390108E7,2.8
201908,경상북도,현지인방문자(a),3.8172068E7,3.8311626E7,-0.4
201908,경상북도,외지인방문자(b),1.6981832E7,1.5543378E7,9.3
201908,경상북도,외국인방문자(c),160126.0,122354.0,30.9
201908,경상북도,외부방문자(b+c),1.7141958E7,1.5665731E7,9.4
201908,경상북도,전체방문자(a+b+c),5.5314025E7,5.3977358E7,2.5
201908,경상남도,현지인방문자(a),4.262537E7,4.2983294E7,-0.8
201908,경상남도,외지인방문자(b),1.4681723E7,1.3763376E7,6.7
201908,경상남도,외국인방문자(c),195853.0,145048.0,35.0
201908,경상남도,외부방문자(b+c),1.4877576E7,1.3908424E7,7.0
201908,경상남도,전체방문자(a+b+c),5.7502946E7,5.6891717E7,1.1
201908,제주특별자치도,현지인방문자(a),1.3595936E7,1.4069982E7,-3.4
201908,제주특별자치도,외지인방문자(b),5349022.0,5145578.0,4.0
201908,제주특별자치도,외국인방문자(c),615201.0,466492.0,31.9
201908,제주특별자치도,외부방문자(b+c),5964223.0,5612069.0,6.3
201908,제주특별자치도,전체방문자(a+b+c),1.9560159E7,1.9682052E7,-0.6
201909,서울특별시,현지인방문자(a),1.19529291E8,1.3283157E8,-10.0
201909,서울특별시,외지인방문자(b),5.7545747E7,5.1961686E7,10.7
201909,서울특별시,외국인방문자(c),2375600.0,2018104.0,17.7
201909,서울특별시,외부방문자(b+c),5.9921347E7,5.397979E7,11.0
201909,서울특별시,전체방문자(a+b+c),1.79450638E8,1.86811359E8,-3.9
201909,부산광역시,현지인방문자(a),3.934363E7,3.930472E7,0.1
201909,부산광역시,외지인방문자(b),1.33649E7,1.3931208E7,-4.1
201909,부산광역시,외국인방문자(c),468581.0,383191.0,22.3
201909,부산광역시,외부방문자(b+c),1.3833482E7,1.4314398E7,-3.4
201909,부산광역시,전체방문자(a+b+c),5.3177111E7,5.3619118E7,-0.8
201909,대구광역시,현지인방문자(a),3.4168578E7,3.3951404E7,0.6
201909,대구광역시,외지인방문자(b),9768518.0,1.0041927E7,-2.7
201909,대구광역시,외국인방문자(c),91667.0,67462.0,35.9
201909,대구광역시,외부방문자(b+c),9860185.0,1.0109389E7,-2.5
201909,대구광역시,전체방문자(a+b+c),4.4028763E7,4.4060792E7,-0.1
201909,인천광역시,현지인방문자(a),2.9870414E7,3.3135417E7,-9.9
201909,인천광역시,외지인방문자(b),1.6123726E7,1.5653078E7,3.0
201909,인천광역시,외국인방문자(c),776906.0,651976.0,19.2
201909,인천광역시,외부방문자(b+c),1.6900632E7,1.6305054E7,3.7
201909,인천광역시,전체방문자(a+b+c),4.6771046E7,4.9440471E7,-5.4
201909,광주광역시,현지인방문자(a),2.0596838E7,2.1897057E7,-5.9
201909,광주광역시,외지인방문자(b),6043698.0,6227970.0,-3.0
201909,광주광역시,외국인방문자(c),43203.0,41205.0,4.8
201909,광주광역시,외부방문자(b+c),6086901.0,6269175.0,-2.9
201909,광주광역시,전체방문자(a+b+c),2.668374E7,2.8166232E7,-5.3
201909,대전광역시,현지인방문자(a),2.0816106E7,2.1016818E7,-1.0
201909,대전광역시,외지인방문자(b),7716138.0,7951209.0,-3.0
201909,대전광역시,외국인방문자(c),52040.0,41738.0,24.7
201909,대전광역시,외부방문자(b+c),7768179.0,7992947.0,-2.8
201909,대전광역시,전체방문자(a+b+c),2.8584285E7,2.9009765E7,-1.5
201909,울산광역시,현지인방문자(a),1.4215313E7,1.4196637E7,0.1
201909,울산광역시,외지인방문자(b),4117852.0,4072852.0,1.1
201909,울산광역시,외국인방문자(c),100791.0,68790.0,46.5
201909,울산광역시,외부방문자(b+c),4218643.0,4141642.0,1.9
201909,울산광역시,전체방문자(a+b+c),1.8433956E7,1.8338279E7,0.5
201909,세종특별자치시,현지인방문자(a),3613530.0,3222135.0,12.1
201909,세종특별자치시,외지인방문자(b),2294646.0,2405448.0,-4.6
201909,세종특별자치시,외국인방문자(c),12582.0,9673.0,30.1
201909,세종특별자치시,외부방문자(b+c),2307228.0,2415121.0,-4.5
201909,세종특별자치시,전체방문자(a+b+c),5920757.0,5637256.0,5.0
201909,경기도,현지인방문자(a),1.46517878E8,1.58680694E8,-7.7
201909,경기도,외지인방문자(b),6.0490283E7,5.5791834E7,8.4
201909,경기도,외국인방문자(c),833587.0,643745.0,29.5
201909,경기도,외부방문자(b+c),6.132387E7,5.6435579E7,8.7
201909,경기도,전체방문자(a+b+c),2.07841748E8,2.15116272E8,-3.4
201909,강원도,현지인방문자(a),2.3046188E7,2.4898902E7,-7.4
201909,강원도,외지인방문자(b),1.233989E7,1.2484538E7,-1.2
201909,강원도,외국인방문자(c),121533.0,105889.0,14.8
201909,강원도,외부방문자(b+c),1.2461423E7,1.2590428E7,-1.0
201909,강원도,전체방문자(a+b+c),3.5507611E7,3.748933E7,-5.3
201909,충청북도,현지인방문자(a),2.1483298E7,2.1160332E7,1.5
201909,충청북도,외지인방문자(b),1.0099666E7,1.0499646E7,-3.8
201909,충청북도,외국인방문자(c),89997.0,69832.0,28.9
201909,충청북도,외부방문자(b+c),1.0189663E7,1.0569479E7,-3.6
201909,충청북도,전체방문자(a+b+c),3.1672961E7,3.172981E7,-0.2
201909,충청남도,현지인방문자(a),2.7641954E7,2.7053194E7,2.2
201909,충청남도,외지인방문자(b),1.487578E7,1.566944E7,-5.1
201909,충청남도,외국인방문자(c),168374.0,131066.0,28.5
201909,충청남도,외부방문자(b+c),1.5044155E7,1.5800506E7,-4.8
201909,충청남도,전체방문자(a+b+c),4.2686108E7,4.28537E7,-0.4
201909,전라북도,현지인방문자(a),2.566599E7,2.63198E7,-2.5
201909,전라북도,외지인방문자(b),9227046.0,9659356.0,-4.5
201909,전라북도,외국인방문자(c),86602.0,82056.0,5.5
201909,전라북도,외부방문자(b+c),9313648.0,9741412.0,-4.4
201909,전라북도,전체방문자(a+b+c),3.4979638E7,3.6061212E7,-3.0
201909,전라남도,현지인방문자(a),2.3276932E7,2.389947E7,-2.6
201909,전라남도,외지인방문자(b),1.1069306E7,1.1921497E7,-7.1
201909,전라남도,외국인방문자(c),192584.0,177048.0,8.8
201909,전라남도,외부방문자(b+c),1.1261891E7,1.2098545E7,-6.9
201909,전라남도,전체방문자(a+b+c),3.4538823E7,3.5998015E7,-4.1
201909,경상북도,현지인방문자(a),3.83829E7,3.7651845E7,1.9
201909,경상북도,외지인방문자(b),1.6953993E7,1.7805266E7,-4.8
201909,경상북도,외국인방문자(c),161730.0,127900.0,26.5
201909,경상북도,외부방문자(b+c),1.7115723E7,1.7933167E7,-4.6
201909,경상북도,전체방문자(a+b+c),5.5498623E7,5.5585012E7,-0.2
201909,경상남도,현지인방문자(a),4.2737765E7,4.2968534E7,-0.5
201909,경상남도,외지인방문자(b),1.339534E7,1.419306E7,-5.6
201909,경상남도,외국인방문자(c),190332.0,175504.0,8.4
201909,경상남도,외부방문자(b+c),1.3585672E7,1.4368564E7,-5.4
201909,경상남도,전체방문자(a+b+c),5.6323437E7,5.7337098E7,-1.8
201909,제주특별자치도,현지인방문자(a),1.3118066E7,1.3770424E7,-4.7
201909,제주특별자치도,외지인방문자(b),4199822.0,4249438.0,-1.2
201909,제주특별자치도,외국인방문자(c),531940.0,460155.0,15.6
201909,제주특별자치도,외부방문자(b+c),4731762.0,4709593.0,0.5
201909,제주특별자치도,전체방문자(a+b+c),1.7849828E7,1.8480017E7,-3.4
201910,서울특별시,현지인방문자(a),1.2311783E8,1.37394957E8,-10.4
201910,서울특별시,외지인방문자(b),5.6278649E7,5.1361583E7,9.6
201910,서울특별시,외국인방문자(c),2906496.0,2572219.0,13.0
201910,서울특별시,외부방문자(b+c),5.9185145E7,5.3933802E7,9.7
201910,서울특별시,전체방문자(a+b+c),1.82302975E8,1.91328759E8,-4.7
201910,부산광역시,현지인방문자(a),4.1201734E7,4.007319E7,2.8
201910,부산광역시,외지인방문자(b),1.1671233E7,1.1554078E7,1.0
201910,부산광역시,외국인방문자(c),547140.0,502394.0,8.9
201910,부산광역시,외부방문자(b+c),1.2218373E7,1.2056471E7,1.3
201910,부산광역시,전체방문자(a+b+c),5.3420107E7,5.2129662E7,2.5
201910,대구광역시,현지인방문자(a),3.5835412E7,3.5234437E7,1.7
201910,대구광역시,외지인방문자(b),8458058.0,8318317.0,1.7
201910,대구광역시,외국인방문자(c),96805.0,68249.0,41.8
201910,대구광역시,외부방문자(b+c),8554863.0,8386566.0,2.0
201910,대구광역시,전체방문자(a+b+c),4.4390274E7,4.3621003E7,1.8
201910,인천광역시,현지인방문자(a),3.1413536E7,3.4422318E7,-8.7
201910,인천광역시,외지인방문자(b),1.5390025E7,1.4029834E7,9.7
201910,인천광역시,외국인방문자(c),881876.0,781217.0,12.9
201910,인천광역시,외부방문자(b+c),1.6271901E7,1.4811051E7,9.9
201910,인천광역시,전체방문자(a+b+c),4.7685437E7,4.9233369E7,-3.1
201910,광주광역시,현지인방문자(a),2.1558082E7,2.244668E7,-4.0
201910,광주광역시,외지인방문자(b),5385471.0,5094936.0,5.7
201910,광주광역시,외국인방문자(c),39411.0,37544.0,5.0
201910,광주광역시,외부방문자(b+c),5424882.0,5132480.0,5.7
201910,광주광역시,전체방문자(a+b+c),2.6982964E7,2.757916E7,-2.2
201910,대전광역시,현지인방문자(a),2.1696896E7,2.1827218E7,-0.6
201910,대전광역시,외지인방문자(b),6835227.0,6736376.0,1.5
201910,대전광역시,외국인방문자(c),48352.0,46411.0,4.2
201910,대전광역시,외부방문자(b+c),6883579.0,6782788.0,1.5
201910,대전광역시,전체방문자(a+b+c),2.8580474E7,2.8610006E7,-0.1
201910,울산광역시,현지인방문자(a),1.498237E7,1.4964859E7,0.1
201910,울산광역시,외지인방문자(b),3979728.0,3807762.0,4.5
201910,울산광역시,외국인방문자(c),102866.0,78253.0,31.5
201910,울산광역시,외부방문자(b+c),4082594.0,3886015.0,5.1
201910,울산광역시,전체방문자(a+b+c),1.9064963E7,1.8850874E7,1.1
201910,세종특별자치시,현지인방문자(a),3916560.0,3356864.0,16.7
201910,세종특별자치시,외지인방문자(b),2183419.0,2048288.0,6.6
201910,세종특별자치시,외국인방문자(c),9512.0,8782.0,8.3
201910,세종특별자치시,외부방문자(b+c),2192931.0,2057070.0,6.6
201910,세종특별자치시,전체방문자(a+b+c),6109490.0,5413934.0,12.8
201910,경기도,현지인방문자(a),1.51477718E8,1.65476518E8,-8.5
201910,경기도,외지인방문자(b),5.7996628E7,5.0888677E7,14.0
201910,경기도,외국인방문자(c),918197.0,790875.0,16.1
201910,경기도,외부방문자(b+c),5.8914824E7,5.1679552E7,14.0
201910,경기도,전체방문자(a+b+c),2.10392542E8,2.17156069E8,-3.1
201910,강원도,현지인방문자(a),2.3705612E7,2.5857349E7,-8.3
201910,강원도,외지인방문자(b),1.188529E7,1.0899602E7,9.0
201910,강원도,외국인방문자(c),188924.0,152450.0,23.9
201910,강원도,외부방문자(b+c),1.2074213E7,1.1052052E7,9.2
201910,강원도,전체방문자(a+b+c),3.5779825E7,3.6909401E7,-3.1
201910,충청북도,현지인방문자(a),2.251278E7,2.2159162E7,1.6
201910,충청북도,외지인방문자(b),9182016.0,8749702.0,4.9
201910,충청북도,외국인방문자(c),82562.0,71223.0,15.9
201910,충청북도,외부방문자(b+c),9264577.0,8820925.0,5.0
201910,충청북도,전체방문자(a+b+c),3.1777358E7,3.0980087E7,2.6
201910,충청남도,현지인방문자(a),2.9350786E7,2.8479822E7,3.1
201910,충청남도,외지인방문자(b),1.3842605E7,1.2861261E7,7.6
201910,충청남도,외국인방문자(c),162768.0,136548.0,19.2
201910,충청남도,외부방문자(b+c),1.4005373E7,1.2997809E7,7.8
201910,충청남도,전체방문자(a+b+c),4.335616E7,4.1477631E7,4.5
201910,전라북도,현지인방문자(a),2.6782427E7,2.692011E7,-0.5
201910,전라북도,외지인방문자(b),7982558.0,7527250.0,6.0
201910,전라북도,외국인방문자(c),96224.0,86666.0,11.0
201910,전라북도,외부방문자(b+c),8078783.0,7613917.0,6.1
201910,전라북도,전체방문자(a+b+c),3.486121E7,3.4534027E7,0.9
201910,전라남도,현지인방문자(a),2.4597391E7,2.4348558E7,1.0
201910,전라남도,외지인방문자(b),1.021705E7,9272522.0,10.2
201910,전라남도,외국인방문자(c),180680.0,164976.0,9.5
201910,전라남도,외부방문자(b+c),1.0397729E7,9437498.0,10.2
201910,전라남도,전체방문자(a+b+c),3.499512E7,3.3786057E7,3.6
201910,경상북도,현지인방문자(a),4.0330168E7,3.930865E7,2.6
201910,경상북도,외지인방문자(b),1.4374112E7,1.3758514E7,4.5
201910,경상북도,외국인방문자(c),197157.0,170147.0,15.9
201910,경상북도,외부방문자(b+c),1.4571269E7,1.3928661E7,4.6
201910,경상북도,전체방문자(a+b+c),5.4901436E7,5.3237312E7,3.1
201910,경상남도,현지인방문자(a),4.492292E7,4.4261518E7,1.5
201910,경상남도,외지인방문자(b),1.2475624E7,1.196635E7,4.3
201910,경상남도,외국인방문자(c),204239.0,181801.0,12.3
201910,경상남도,외부방문자(b+c),1.2679863E7,1.214815E7,4.4
201910,경상남도,전체방문자(a+b+c),5.7602783E7,5.6409668E7,2.1
201910,제주특별자치도,현지인방문자(a),1.4059182E7,1.4432845E7,-2.6
201910,제주특별자치도,외지인방문자(b),4742090.0,4246260.0,11.7
201910,제주특별자치도,외국인방문자(c),621016.0,506418.0,22.6
201910,제주특별자치도,외부방문자(b+c),5363107.0,4752678.0,12.8
201910,제주특별자치도,전체방문자(a+b+c),1.9422288E7,1.9185523E7,1.2
201911,서울특별시,현지인방문자(a),1.36085198E8,1.27920247E8,6.4
201911,서울특별시,외지인방문자(b),6.0061148E7,4.6568602E7,29.0
201911,서울특별시,외국인방문자(c),2860170.0,2210090.0,29.4
201911,서울특별시,외부방문자(b+c),6.2921318E7,4.8778692E7,29.0
201911,서울특별시,전체방문자(a+b+c),1.99006516E8,1.76698939E8,12.6
201911,부산광역시,현지인방문자(a),4.0658916E7,3.7486246E7,8.5
201911,부산광역시,외지인방문자(b),1.1774396E7,1.1011714E7,6.9
201911,부산광역시,외국인방문자(c),460266.0,379224.0,21.4
201911,부산광역시,외부방문자(b+c),1.2234661E7,1.1390938E7,7.4
201911,부산광역시,전체방문자(a+b+c),5.2893577E7,4.8877184E7,8.2
201911,대구광역시,현지인방문자(a),3.5092337E7,3.3439396E7,4.9
201911,대구광역시,외지인방문자(b),8485554.0,8230768.0,3.1
201911,대구광역시,외국인방문자(c),88042.0,69123.0,27.4
201911,대구광역시,외부방문자(b+c),8573596.0,8299891.0,3.3
201911,대구광역시,전체방문자(a+b+c),4.3665933E7,4.1739287E7,4.6
201911,인천광역시,현지인방문자(a),3.4150106E7,2.9328478E7,16.4
201911,인천광역시,외지인방문자(b),1.5749436E7,1.2716767E7,23.8
201911,인천광역시,외국인방문자(c),940146.0,696767.0,34.9
201911,인천광역시,외부방문자(b+c),1.6689582E7,1.3413534E7,24.4
201911,인천광역시,전체방문자(a+b+c),5.0839688E7,4.2742011E7,18.9
201911,광주광역시,현지인방문자(a),2.1149268E7,2.1227496E7,-0.4
201911,광주광역시,외지인방문자(b),5374310.0,4895793.0,9.8
201911,광주광역시,외국인방문자(c),41669.0,31604.0,31.8
201911,광주광역시,외부방문자(b+c),5415979.0,4927397.0,9.9
201911,광주광역시,전체방문자(a+b+c),2.6565247E7,2.6154894E7,1.6
201911,대전광역시,현지인방문자(a),2.1728248E7,2.0692938E7,5.0
201911,대전광역시,외지인방문자(b),6764891.0,6295222.0,7.5
201911,대전광역시,외국인방문자(c),38587.0,33076.0,16.7
201911,대전광역시,외부방문자(b+c),6803478.0,6328299.0,7.5
201911,대전광역시,전체방문자(a+b+c),2.8531727E7,2.7021237E7,5.6
201911,울산광역시,현지인방문자(a),1.4550386E7,1.3884406E7,4.8
201911,울산광역시,외지인방문자(b),3788099.0,3554096.0,6.6
201911,울산광역시,외국인방문자(c),95423.0,77248.0,23.5
201911,울산광역시,외부방문자(b+c),3883522.0,3631344.0,6.9
201911,울산광역시,전체방문자(a+b+c),1.8433907E7,1.7515749E7,5.2
201911,세종특별자치시,현지인방문자(a),3934658.0,3260264.0,20.7
201911,세종특별자치시,외지인방문자(b),2076918.0,1895320.0,9.6
201911,세종특별자치시,외국인방문자(c),9298.0,8262.0,12.5
201911,세종특별자치시,외부방문자(b+c),2086216.0,1903582.0,9.6
201911,세종특별자치시,전체방문자(a+b+c),6020874.0,5163846.0,16.6
201911,경기도,현지인방문자(a),1.64828244E8,1.56589486E8,5.3
201911,경기도,외지인방문자(b),5.8462264E7,4.5499584E7,28.5
201911,경기도,외국인방문자(c),881554.0,672715.0,31.0
201911,경기도,외부방문자(b+c),5.9343818E7,4.6172299E7,28.5
201911,경기도,전체방문자(a+b+c),2.24172062E8,2.02761784E8,10.6
201911,강원도,현지인방문자(a),2.5983836E7,2.5313866E7,2.6
201911,강원도,외지인방문자(b),1.123177E7,8658990.0,29.7
201911,강원도,외국인방문자(c),157649.0,122343.0,28.9
201911,강원도,외부방문자(b+c),1.1389419E7,8781333.0,29.7
201911,강원도,전체방문자(a+b+c),3.7373254E7,3.4095198E7,9.6
201911,충청북도,현지인방문자(a),2.244201E7,2.0962872E7,7.1
201911,충청북도,외지인방문자(b),8687651.0,8090092.0,7.4
201911,충청북도,외국인방문자(c),70756.0,56386.0,25.5
201911,충청북도,외부방문자(b+c),8758407.0,8146478.0,7.5
201911,충청북도,전체방문자(a+b+c),3.1200418E7,2.910935E7,7.2
201911,충청남도,현지인방문자(a),2.9211304E7,2.7025534E7,8.1
201911,충청남도,외지인방문자(b),1.2580018E7,1.1666322E7,7.8
201911,충청남도,외국인방문자(c),146408.0,119834.0,22.2
201911,충청남도,외부방문자(b+c),1.2726426E7,1.1786156E7,8.0
201911,충청남도,전체방문자(a+b+c),4.1937731E7,3.881169E7,8.1
201911,전라북도,현지인방문자(a),2.6646648E7,2.6012262E7,2.4
201911,전라북도,외지인방문자(b),8097876.0,7310128.0,10.8
201911,전라북도,외국인방문자(c),100762.0,75191.0,34.0
201911,전라북도,외부방문자(b+c),8198638.0,7385319.0,11.0
201911,전라북도,전체방문자(a+b+c),3.4845286E7,3.3397581E7,4.3
201911,전라남도,현지인방문자(a),2.4308022E7,2.3140719E7,5.0
201911,전라남도,외지인방문자(b),9724774.0,8727866.0,11.4
201911,전라남도,외국인방문자(c),197388.0,162548.0,21.4
201911,전라남도,외부방문자(b+c),9922163.0,8890414.0,11.6
201911,전라남도,전체방문자(a+b+c),3.4230184E7,3.2031133E7,6.9
201911,경상북도,현지인방문자(a),4.0126286E7,3.7695728E7,6.4
201911,경상북도,외지인방문자(b),1.3760523E7,1.2788986E7,7.6
201911,경상북도,외국인방문자(c),141589.0,125345.0,13.0
201911,경상북도,외부방문자(b+c),1.3902112E7,1.2914331E7,7.6
201911,경상북도,전체방문자(a+b+c),5.4028397E7,5.0610059E7,6.8
201911,경상남도,현지인방문자(a),4.3922907E7,4.2258573E7,3.9
201911,경상남도,외지인방문자(b),1.187934E7,1.1228704E7,5.8
201911,경상남도,외국인방문자(c),185963.0,158380.0,17.4
201911,경상남도,외부방문자(b+c),1.2065302E7,1.1387084E7,6.0
201911,경상남도,전체방문자(a+b+c),5.5988209E7,5.3645657E7,4.4
201911,제주특별자치도,현지인방문자(a),1.373226E7,1.3831632E7,-0.7
201911,제주특별자치도,외지인방문자(b),4348533.0,3816222.0,13.9
201911,제주특별자치도,외국인방문자(c),525026.0,372379.0,41.0
201911,제주특별자치도,외부방문자(b+c),4873559.0,4188600.0,16.4
201911,제주특별자치도,전체방문자(a+b+c),1.860582E7,1.8020233E7,3.2
201912,서울특별시,현지인방문자(a),1.3613529E8,1.31601886E8,3.4
201912,서울특별시,외지인방문자(b),5.3230254E7,5.0608856E7,5.2
201912,서울특별시,외국인방문자(c),2903067.0,2179938.0,33.2
201912,서울특별시,외부방문자(b+c),5.6133321E7,5.2788794E7,6.3
201912,서울특별시,전체방문자(a+b+c),1.9226861E8,1.8439068E8,4.3
201912,부산광역시,현지인방문자(a),4.2756136E7,3.9516754E7,8.2
201912,부산광역시,외지인방문자(b),1.319431E7,1.2327728E7,7.0
201912,부산광역시,외국인방문자(c),482928.0,323465.0,49.3
201912,부산광역시,외부방문자(b+c),1.3677238E7,1.2651193E7,8.1
201912,부산광역시,전체방문자(a+b+c),5.6433375E7,5.2167947E7,8.2
201912,대구광역시,현지인방문자(a),3.6103823E7,3.5291448E7,2.3
201912,대구광역시,외지인방문자(b),9170518.0,9081128.0,1.0
201912,대구광역시,외국인방문자(c),76300.0,62312.0,22.4
201912,대구광역시,외부방문자(b+c),9246818.0,9143440.0,1.1
201912,대구광역시,전체방문자(a+b+c),4.5350641E7,4.4434889E7,2.1
201912,인천광역시,현지인방문자(a),3.5265808E7,3.4974908E7,0.8
201912,인천광역시,외지인방문자(b),1.4098581E7,1.359869E7,3.7
201912,인천광역시,외국인방문자(c),941491.0,674482.0,39.6
201912,인천광역시,외부방문자(b+c),1.5040072E7,1.4273172E7,5.4
201912,인천광역시,전체방문자(a+b+c),5.030588E7,4.9248081E7,2.1
201912,광주광역시,현지인방문자(a),2.2166564E7,2.2507394E7,-1.5
201912,광주광역시,외지인방문자(b),5756152.0,5415308.0,6.3
201912,광주광역시,외국인방문자(c),35378.0,29341.0,20.6
201912,광주광역시,외부방문자(b+c),5791531.0,5444649.0,6.4
201912,광주광역시,전체방문자(a+b+c),2.7958095E7,2.7952043E7,0.0
201912,대전광역시,현지인방문자(a),2.233847E7,2.1821443E7,2.4
201912,대전광역시,외지인방문자(b),6963992.0,6860514.0,1.5
201912,대전광역시,외국인방문자(c),43310.0,29122.0,48.7
201912,대전광역시,외부방문자(b+c),7007302.0,6889637.0,1.7
201912,대전광역시,전체방문자(a+b+c),2.9345772E7,2.871108E7,2.2
201912,울산광역시,현지인방문자(a),1.5525738E7,1.4741419E7,5.3
201912,울산광역시,외지인방문자(b),4192864.0,3835674.0,9.3
201912,울산광역시,외국인방문자(c),116404.0,64421.0,80.7
201912,울산광역시,외부방문자(b+c),4309268.0,3900095.0,10.5
201912,울산광역시,전체방문자(a+b+c),1.9835005E7,1.8641514E7,6.4
201912,세종특별자치시,현지인방문자(a),4021591.0,3414096.0,17.8
201912,세종특별자치시,외지인방문자(b),2038550.0,1917608.0,6.3
201912,세종특별자치시,외국인방문자(c),11739.0,8025.0,46.3
201912,세종특별자치시,외부방문자(b+c),2050290.0,1925633.0,6.5
201912,세종특별자치시,전체방문자(a+b+c),6071881.0,5339729.0,13.7
201912,경기도,현지인방문자(a),1.69980517E8,1.64100895E8,3.6
201912,경기도,외지인방문자(b),4.9344624E7,4.7091534E7,4.8
201912,경기도,외국인방문자(c),994459.0,722658.0,37.6
201912,경기도,외부방문자(b+c),5.0339083E7,4.7814192E7,5.3
201912,경기도,전체방문자(a+b+c),2.203196E8,2.11915087E8,4.0
201912,강원도,현지인방문자(a),2.5864937E7,2.600073E7,-0.5
201912,강원도,외지인방문자(b),1.1121075E7,9898154.0,12.4
201912,강원도,외국인방문자(c),272502.0,188229.0,44.8
201912,강원도,외부방문자(b+c),1.1393577E7,1.0086383E7,13.0
201912,강원도,전체방문자(a+b+c),3.7258514E7,3.6087113E7,3.2
201912,충청북도,현지인방문자(a),2.2997107E7,2.1972538E7,4.7
201912,충청북도,외지인방문자(b),7626696.0,7304094.0,4.4
201912,충청북도,외국인방문자(c),58522.0,47076.0,24.3
201912,충청북도,외부방문자(b+c),7685218.0,7351170.0,4.5
201912,충청북도,전체방문자(a+b+c),3.0682325E7,2.9323708E7,4.6
201912,충청남도,현지인방문자(a),3.0801488E7,2.8349146E7,8.7
201912,충청남도,외지인방문자(b),1.128546E7,1.0737528E7,5.1
201912,충청남도,외국인방문자(c),135321.0,106767.0,26.7
201912,충청남도,외부방문자(b+c),1.142078E7,1.0844294E7,5.3
201912,충청남도,전체방문자(a+b+c),4.2222268E7,3.919344E7,7.7
201912,전라북도,현지인방문자(a),2.7777386E7,2.6944197E7,3.1
201912,전라북도,외지인방문자(b),6997599.0,6486284.0,7.9
201912,전라북도,외국인방문자(c),70202.0,54076.0,29.8
201912,전라북도,외부방문자(b+c),7067801.0,6540360.0,8.1
201912,전라북도,전체방문자(a+b+c),3.4845187E7,3.3484557E7,4.1
201912,전라남도,현지인방문자(a),2.526005E7,2.4034556E7,5.1
201912,전라남도,외지인방문자(b),8949868.0,8243610.0,8.6
201912,전라남도,외국인방문자(c),189828.0,139986.0,35.6
201912,전라남도,외부방문자(b+c),9139696.0,8383596.0,9.0
201912,전라남도,전체방문자(a+b+c),3.4399745E7,3.2418152E7,6.1
201912,경상북도,현지인방문자(a),4.069085E7,3.8950954E7,4.5
201912,경상북도,외지인방문자(b),1.2706012E7,1.230481E7,3.3
201912,경상북도,외국인방문자(c),125496.0,97429.0,28.8
201912,경상북도,외부방문자(b+c),1.2831508E7,1.2402239E7,3.5
201912,경상북도,전체방문자(a+b+c),5.3522357E7,5.1353193E7,4.2
201912,경상남도,현지인방문자(a),4.6268666E7,4.4029531E7,5.1
201912,경상남도,외지인방문자(b),1.2054945E7,1.1766226E7,2.5
201912,경상남도,외국인방문자(c),201073.0,153785.0,30.7
201912,경상남도,외부방문자(b+c),1.2256018E7,1.1920012E7,2.8
201912,경상남도,전체방문자(a+b+c),5.8524684E7,5.5949543E7,4.6
201912,제주특별자치도,현지인방문자(a),1.4149762E7,1.4167604E7,-0.1
201912,제주특별자치도,외지인방문자(b),4481918.0,3735056.0,20.0
201912,제주특별자치도,외국인방문자(c),554198.0,379421.0,46.1
201912,제주특별자치도,외부방문자(b+c),5036116.0,4114478.0,22.4
201912,제주특별자치도,전체방문자(a+b+c),1.9185878E7,1.8282082E7,4.9
